order_id,customer_name,email,country,order_date,order_amount_usd,status,loyalty_tier
ORD-10456,Elena Patel,elena.patel456@example.com,Australia,2025-11-02,25.68,refunded,gold
ORD-10715,Ivy Smith,ivy.smith715@example.com,Brazil,2025-08-09,86.08,refunded,silver
ORD-10648,Hiro Kim,hiro.kim648@example.com,Canada,2026-05-03,135.0,refunded,platinum
ORD-10513,Ben Okafor,ben.okafor513@example.com,Vietnam,2025-07-23,338.23,pending,bronze
ORD-10253,Diego Silva,diego.silva253@example.com,Brazil,2026-07-18,88.28,pending,bronze
ORD-10185,Ben Nguyen,ben.nguyen185@example.com,Brazil,2025-07-10,388.61,refunded,bronze
ORD-10759,Jon Rossi,jon.rossi759@example.com,Nigeria,2025-08-20,140.32,refunded,gold
ORD-10708,Farid Okafor,farid.okafor708@example.com,Nigeria,2025-06-01,65.14,paid,silver
ORD-10203,Aisha Kim,aisha.kim203@example.com,Nigeria,2026-05-22,218.31,pending,bronze
ORD-10597,Chen Kim,chen.kim597@example.com,Brazil,2026-08-10,51.1,pending,bronze
ORD-10582,Hiro Patel,hiro.patel582@example.com,Australia,2025-06-17,463.09,pending,platinum
ORD-10402,Ivy Garcia,ivy.garcia402@example.com,Canada,2025-01-19,348.29,pending,platinum
ORD-10999,Ivy Silva,ivy.silva999@example.com,India,2025-07-03,431.69,refunded,bronze
ORD-10344,Hiro Patel,hiro.patel344@example.com,Australia,2025-04-05,88.15,refunded,bronze
ORD-10055,Hiro Silva,hiro.silva55@example.com,Canada,2025-09-23,315.24,pending,platinum
ORD-10395,Elena Brown,elena.brown395@example.com,Australia,2025-07-07,115.55,pending,bronze
ORD-10126,Grace Brown,grace.brown126@example.com,Brazil,2025-04-27,228.74,paid,bronze
ORD-10151,Ivy Smith,ivy.smith151@example.com,Australia,2025-11-14,416.69,paid,silver
ORD-10968,Elena Rossi,elena.rossi968@example.com,Canada,2026-03-28,150.1,pending,bronze
ORD-10748,Ivy Nguyen,ivy.nguyen748@example.com,Unknown,2025-02-02,160.71,pending,platinum
ORD-10727,Ben Garcia,ben.garcia727@example.com,India,2025-06-08,232.94,paid,bronze
ORD-10863,Grace Smith,grace.smith863@example.com,Brazil,2025-10-03,244.66,pending,silver
ORD-10709,Grace Silva,unknown@unknown.com,Vietnam,2025-05-29,485.22,refunded,bronze
ORD-10965,Hiro Nguyen,hiro.nguyen965@example.com,Canada,2025-04-10,328.99,refunded,silver
ORD-10109,Diego Rossi,diego.rossi109@example.com,Vietnam,2026-08-09,489.08,refunded,gold
ORD-10347,Hiro Nguyen,hiro.nguyen347@example.com,India,2025-03-31,323.11,refunded,platinum
ORD-10819,Grace Rossi,grace.rossi819@example.com,Brazil,2026-05-23,259.11,refunded,bronze
ORD-10975,Farid Nguyen,farid.nguyen975@example.com,Canada,2026-01-04,120.61,pending,gold
ORD-10761,Farid Garcia,farid.garcia761@example.com,Nigeria,2026-01-03,441.04,refunded,silver
ORD-10444,Farid Smith,farid.smith444@example.com,Unknown,2025-11-22,257.91,refunded,bronze
ORD-10954,Grace Brown,grace.brown954@example.com,Brazil,2026-03-20,216.56,paid,silver
ORD-10994,Grace Garcia,grace.garcia994@example.com,Brazil,2025-02-04,345.55,paid,gold
ORD-10583,Diego Garcia,diego.garcia583@example.com,Brazil,2025-07-29,257.91,paid,bronze
ORD-10950,Ivy Okafor,john@@example,Australia,2025-07-07,39.64,paid,bronze
ORD-10742,Jon Smith,jon.smith742@example.com,India,2025-06-22,257.91,pending,platinum
ORD-10711,Hiro Nguyen,hiro.nguyen711@example.com,Australia,2025-05-23,225.76,paid,platinum
ORD-10195,Jon Okafor,jon.okafor195@example.com,Australia,2026-08-01,474.53,refunded,gold
ORD-10420,Elena Okafor,unknown@unknown.com,Canada,2025-01-13,219.26,refunded,platinum
ORD-10399,Chen Smith,chen.smith399@example.com,India,2026-05-15,7.33,pending,platinum
ORD-10452,Ben Khan,ben.khan452@example.com,Brazil,2025-08-22,219.35,paid,gold
ORD-10193,Elena Smith,elena.smith193@example.com,Nigeria,2025-09-14,314.39,refunded,gold
ORD-10102,Farid Khan,farid.khan102@example.com,Vietnam,2026-02-12,257.91,pending,silver
ORD-10543,Ivy Rossi,ivy.rossi543@example.com,Vietnam,2025-07-09,361.9,refunded,silver
ORD-10528,Chen Patel,chen.patel528@example.com,Brazil,2025-10-24,351.73,pending,silver
ORD-10687,Jon Patel,jon.patel687@example.com,Brazil,2025-06-24,297.83,pending,bronze
ORD-10778,Ben Okafor,ben.okafor778@example.com,Canada,2026-03-07,322.48,paid,gold
ORD-10060,Farid Rossi,farid.rossi60@example.com,India,2025-06-19,297.99,refunded,platinum
ORD-10164,Hiro Silva,hiro.silva164@example.com,Nigeria,2025-10-16,409.36,refunded,platinum
ORD-10780,Chen Garcia,unknown@unknown.com,Nigeria,2026-06-13,228.49,refunded,bronze
ORD-10692,Aisha Silva,aisha.silva692@example.com,Brazil,2025-11-09,234.56,paid,bronze
ORD-10905,Jon Smith,unknown@unknown.com,Canada,2025-06-21,261.85,paid,platinum
ORD-10871,Chen Nguyen,chen.nguyen871@example.com,Australia,2026-05-03,280.12,refunded,silver
ORD-10286,Ben Patel,ben.patel286@example.com,India,2025-09-07,479.44,paid,gold
ORD-10275,Jon Patel,jon.patel275@example.com,Canada,2025-11-04,160.52,pending,silver
ORD-10345,Grace Rossi,grace.rossi345@example.com,Canada,2026-05-24,180.2,paid,platinum
ORD-10066,Ben Patel,ben.patel66@example.com,Australia,2025-11-15,201.34,refunded,bronze
ORD-10681,Chen Patel,chen.patel681@example.com,Australia,2025-01-30,362.09,refunded,bronze
ORD-10763,Jon Rossi,jon.rossi763@example.com,India,2026-08-03,78.13,paid,gold
ORD-10791,Farid Patel,farid.patel791@example.com,India,2026-07-27,254.35,pending,gold
ORD-10120,Ben Silva,ben.silva120@example.com,Canada,2026-02-22,224.47,paid,gold
ORD-10807,Ben Nguyen,john@@example,Unknown,2026-10-06,465.68,refunded,platinum
ORD-10485,Ivy Nguyen,ivy.nguyen485@example.com,Vietnam,2026-01-20,57.76,pending,platinum
ORD-10295,Hiro Rossi,hiro.rossi295@example.com,Brazil,2026-05-19,45.92,paid,bronze
ORD-10298,Hiro Brown,hiro.brown298@example.com,Canada,2025-08-12,438.03,paid,bronze
ORD-10434,Diego Garcia,diego.garcia434@example.com,Vietnam,2025-03-08,254.43,refunded,gold
ORD-10872,Hiro Rossi,hiro.rossi872@example.com,Canada,2026-07-06,446.82,refunded,platinum
ORD-10665,Hiro Garcia,hiro.garcia665@example.com,Australia,2025-05-24,197.44,refunded,bronze
ORD-10121,Farid Smith,farid.smith121@example.com,Brazil,2026-12-01,484.26,pending,bronze
ORD-10386,Ben Kim,unknown@unknown.com,India,2025-01-29,325.45,refunded,gold
ORD-10003,Ivy Rossi,ivy.rossi3@example.com,Vietnam,2025-08-14,350.58,pending,platinum
ORD-10170,Ivy Khan,ivy.khan170@example.com,Vietnam,2026-06-25,65.31,paid,gold
ORD-10506,Diego Rossi,diego.rossi506@example.com,Unknown,2026-08-18,276.54,paid,platinum
ORD-10002,Aisha Smith,aisha.smith2@example.com,Nigeria,2025-12-08,359.43,refunded,gold
ORD-10912,Ivy Brown,ivy.brown912@example.com,India,2025-03-22,40.32,paid,bronze
ORD-10693,Grace Patel,grace.patel693@example.com,Canada,2026-01-15,195.52,refunded,platinum
ORD-10934,Hiro Silva,hiro.silva934@example.com,Unknown,2025-03-11,74.43,pending,gold
ORD-10754,Diego Garcia,diego.garcia754@example.com,Canada,2025-11-16,257.91,paid,silver
ORD-10088,Elena Nguyen,elena.nguyen88@example.com,Canada,2025-04-04,290.24,paid,bronze
ORD-10241,Aisha Silva,aisha.silva241@example.com,Australia,2025-02-19,121.0,paid,platinum
ORD-10245,Ivy Silva,ivy.silva245@example.com,Canada,2025-09-04,457.8,refunded,bronze
ORD-10669,Chen Nguyen,chen.nguyen669@example.com,Vietnam,2025-06-26,307.56,refunded,silver
ORD-10961,Chen Kim,chen.kim961@example.com,India,2026-04-12,62.78,paid,gold
ORD-10320,Ivy Kim,ivy.kim320@example.com,Canada,2026-05-29,322.07,refunded,silver
ORD-10004,Elena Patel,elena.patel4@example.com,Australia,2025-08-09,182.69,pending,silver
ORD-10688,Elena Nguyen,elena.nguyen688@example.com,Unknown,2026-03-15,446.45,refunded,platinum
ORD-10537,Diego Nguyen,diego.nguyen537@example.com,Nigeria,2025-02-13,386.54,paid,platinum
ORD-10870,Hiro Kim,hiro.kim870@example.com,India,2025-09-09,12.86,refunded,platinum
ORD-10859,Ivy Okafor,ivy.okafor859@example.com,Australia,2026-01-27,146.25,paid,bronze
ORD-10032,Elena Silva,elena.silva32@example.com,Brazil,2025-11-20,271.13,refunded,silver
ORD-10306,Hiro Kim,hiro.kim306@example.com,Nigeria,2025-11-27,257.91,refunded,platinum
ORD-10592,Hiro Kim,hiro.kim592@example.com,India,2025-07-05,313.17,pending,platinum
ORD-10136,Jon Brown,jon.brown136@example.com,India,2025-01-27,461.16,pending,gold
ORD-10769,Chen Garcia,chen.garcia769@example.com,Canada,2025-04-25,442.86,paid,silver
ORD-10813,Jon Kim,jon.kim813@example.com,Australia,2025-04-19,62.76,paid,platinum
ORD-10309,Chen Nguyen,chen.nguyen309@example.com,Canada,2026-02-10,329.47,refunded,gold
ORD-10489,Grace Okafor,grace.okafor489@example.com,Brazil,2026-07-18,257.91,pending,platinum
ORD-10038,Ben Patel,ben.patel38@example.com,Vietnam,2026-07-13,68.09,pending,gold
ORD-10806,Hiro Kim,hiro.kim806@example.com,Brazil,2026-07-31,219.88,pending,platinum
ORD-10182,Ben Rossi,ben.rossi182@example.com,Australia,2026-01-08,22.23,paid,silver
ORD-10972,Farid Okafor,farid.okafor972@example.com,Vietnam,2025-11-19,307.35,pending,silver
ORD-10917,Grace Rossi,grace.rossi917@example.com,Nigeria,2025-08-03,73.78,paid,bronze
ORD-10578,Ben Patel,unknown@unknown.com,Australia,2025-11-22,480.79,pending,silver
ORD-10614,Jon Smith,jon.smith614@example.com,Australia,2025-12-08,16.13,pending,silver
ORD-10851,Grace Nguyen,grace.nguyen851@example.com,India,2025-11-09,65.55,pending,silver
ORD-10832,Ben Garcia,ben.garcia832@example.com,Australia,2026-03-26,173.95,refunded,silver
ORD-10251,Hiro Okafor,hiro.okafor251@example.com,Brazil,2025-07-28,371.92,paid,bronze
ORD-10139,Jon Smith,jon.smith139@example.com,Nigeria,2025-02-23,139.69,refunded,platinum
ORD-10792,Hiro Patel,hiro.patel792@example.com,Nigeria,2025-02-04,133.9,pending,silver
ORD-10019,Diego Kim,diego.kim19@example.com,Nigeria,2026-02-13,127.71,paid,gold
ORD-10034,Elena Khan,elena.khan34@example.com,Nigeria,2026-06-26,469.77,paid,gold
ORD-10750,Elena Rossi,elena.rossi750@example.com,Canada,2026-05-15,257.91,paid,bronze
ORD-10804,Ben Nguyen,ben.nguyen804@example.com,Brazil,2025-02-08,64.7,pending,silver
ORD-10338,Ben Patel,unknown@unknown.com,Brazil,2025-04-19,64.76,pending,platinum
ORD-10413,Hiro Patel,hiro.patel413@example.com,Canada,2025-04-03,323.95,pending,gold
ORD-10393,Grace Nguyen,grace.nguyen393@example.com,Canada,2026-08-21,453.73,refunded,gold
ORD-10849,Ben Khan,ben.khan849@example.com,Vietnam,2026-02-23,263.77,paid,silver
ORD-10213,Farid Silva,farid.silva213@example.com,India,2026-06-23,275.41,refunded,bronze
ORD-10652,Aisha Smith,aisha.smith652@example.com,Nigeria,2025-01-13,179.0,refunded,platinum
ORD-10012,Ivy Silva,ivy.silva12@example.com,Australia,2025-04-04,397.08,pending,platinum
ORD-10646,Jon Patel,jon.patel646@example.com,Brazil,2026-05-23,364.37,paid,platinum
ORD-10835,Chen Nguyen,chen.nguyen835@example.com,Vietnam,2026-06-14,491.06,paid,platinum
ORD-10550,Jon Patel,jon.patel550@example.com,Australia,2026-07-26,352.76,pending,platinum
ORD-10359,Aisha Patel,aisha.patel359@example.com,Nigeria,2025-11-22,74.62,refunded,bronze
ORD-10814,Hiro Silva,hiro.silva814@example.com,Nigeria,2026-02-19,403.3,paid,platinum
ORD-10130,Ben Smith,ben.smith130@example.com,Brazil,2026-07-19,172.77,pending,platinum
ORD-10080,Elena Silva,elena.silva80@example.com,Brazil,2025-04-27,80.1,refunded,bronze
ORD-10411,Ivy Garcia,ivy.garcia411@example.com,India,2026-01-02,455.63,refunded,silver
ORD-10029,Aisha Khan,aisha.khan29@example.com,Nigeria,2026-04-05,38.92,paid,bronze
ORD-10005,Jon Kim,unknown@unknown.com,Australia,2025-02-14,278.26,refunded,silver
ORD-10568,Ivy Garcia,ivy.garcia568@example.com,Brazil,2025-07-28,191.42,refunded,platinum
ORD-10044,Elena Patel,elena.patel44@example.com,Australia,2026-08-18,365.63,pending,silver
ORD-10672,Aisha Khan,aisha.khan672@example.com,Australia,2025-06-27,379.99,paid,bronze
ORD-10907,Jon Nguyen,jon.nguyen907@example.com,India,2025-01-08,200.97,pending,gold
ORD-10663,Ben Okafor,ben.okafor663@example.com,Brazil,2026-02-07,92.43,paid,bronze
ORD-10823,Farid Khan,farid.khan823@example.com,Vietnam,2026-04-25,417.37,refunded,bronze
ORD-10310,Ben Nguyen,ben.nguyen310@example.com,India,2025-08-07,9.6,refunded,bronze
ORD-10246,Grace Rossi,grace.rossi246@example.com,India,2026-07-25,257.91,paid,silver
ORD-10398,Aisha Patel,unknown@unknown.com,Brazil,2025-05-21,161.61,refunded,bronze
ORD-10429,Diego Smith,diego.smith429@example.com,India,2026-02-07,379.79,paid,gold
ORD-10643,Jon Nguyen,jon.nguyen643@example.com,India,2025-10-21,129.77,refunded,bronze
ORD-10822,Chen Kim,chen.kim822@example.com,Brazil,2025-07-16,295.89,refunded,bronze
ORD-10548,Grace Okafor,grace.okafor548@example.com,Australia,2025-03-01,257.91,paid,silver
ORD-10081,Elena Smith,elena.smith81@example.com,Brazil,2025-09-12,228.0,pending,platinum
ORD-10372,Grace Khan,grace.khan372@example.com,Brazil,2025-08-21,288.49,paid,silver
ORD-10765,Chen Kim,chen.kim765@example.com,Australia,2025-08-30,257.91,pending,gold
ORD-10190,Hiro Brown,hiro.brown190@example.com,Nigeria,2026-02-25,486.33,refunded,gold
ORD-10460,Ben Garcia,ben.garcia460@example.com,Vietnam,2026-08-18,337.29,paid,gold
ORD-10503,Aisha Silva,aisha.silva503@example.com,Nigeria,2026-01-16,95.52,refunded,platinum
ORD-10059,Elena Rossi,elena.rossi59@example.com,India,2026-03-06,245.39,pending,bronze
ORD-10534,Ben Brown,ben.brown534@example.com,Canada,2025-08-02,83.51,refunded,bronze
ORD-10746,Grace Khan,grace.khan746@example.com,Unknown,2025-12-01,332.23,refunded,platinum
ORD-10606,Hiro Silva,hiro.silva606@example.com,India,2025-02-06,233.92,pending,platinum
ORD-10789,Grace Khan,grace.khan789@example.com,Nigeria,2025-09-20,169.77,paid,platinum
ORD-10321,Jon Patel,jon.patel321@example.com,Australia,2025-12-10,270.51,pending,gold
ORD-10045,Grace Khan,grace.khan45@example.com,Nigeria,2026-06-08,26.97,pending,bronze
ORD-10731,Ben Nguyen,ben.nguyen731@example.com,India,2026-05-11,397.56,refunded,silver
ORD-10644,Elena Kim,unknown@unknown.com,Australia,2025-09-21,331.28,pending,bronze
ORD-10415,Farid Rossi,farid.rossi415@example.com,Australia,2025-04-29,333.36,paid,gold
ORD-10230,Farid Rossi,farid.rossi230@example.com,Nigeria,2026-07-17,341.77,refunded,gold
ORD-10959,Diego Rossi,diego.rossi959@example.com,Canada,2025-09-19,349.75,refunded,platinum
ORD-10355,Chen Okafor,chen.okafor355@example.com,Australia,2025-01-07,388.31,refunded,silver
ORD-10930,Diego Patel,diego.patel930@example.com,Australia,2025-10-08,208.58,refunded,bronze
ORD-10042,Diego Garcia,diego.garcia42@example.com,India,2026-04-17,331.72,pending,silver
ORD-10491,Grace Rossi,grace.rossi491@example.com,Nigeria,2026-06-18,321.94,pending,gold
ORD-10733,Ben Smith,ben.smith733@example.com,Canada,2025-07-30,49.94,refunded,silver
ORD-10963,Elena Brown,elena.brown963@example.com,Vietnam,2026-06-30,59.09,refunded,bronze
ORD-10084,Jon Silva,jon.silva84@example.com,Unknown,2025-10-26,40.23,paid,gold
ORD-10013,Jon Smith,jon.smith13@example.com,Brazil,2026-01-30,341.74,paid,bronze
ORD-10254,Chen Patel,chen.patel254@example.com,Nigeria,2026-07-14,420.34,paid,gold
ORD-10668,Ben Nguyen,ben.nguyen668@example.com,Australia,2025-05-25,125.13,refunded,gold
ORD-10535,Aisha Brown,aisha.brown535@example.com,Brazil,2026-06-18,183.41,paid,silver
ORD-10802,Jon Patel,jon.patel802@example.com,Canada,2025-08-05,400.08,refunded,gold
ORD-10210,Jon Khan,jon.khan210@example.com,Brazil,2025-08-22,78.15,refunded,silver
ORD-10251,Hiro Okafor,hiro.okafor251@example.com,Brazil,2025-07-28,371.92,paid,gold
ORD-10092,Ivy Nguyen,ivy.nguyen92@example.com,Australia,2026-07-10,313.2,pending,silver
ORD-10478,Hiro Silva,hiro.silva478@example.com,Brazil,2025-06-24,313.49,refunded,silver
ORD-10471,Ben Brown,ben.brown471@example.com,Nigeria,2025-10-08,257.91,pending,platinum
ORD-10962,Grace Rossi,grace.rossi962@example.com,India,2026-08-24,415.73,pending,silver
ORD-10227,Hiro Kim,hiro.kim227@example.com,Unknown,2025-12-04,328.57,refunded,platinum
ORD-10758,Grace Garcia,grace.garcia758@example.com,Nigeria,2026-05-24,136.25,pending,gold
ORD-10674,Jon Rossi,jon.rossi674@example.com,Brazil,2025-06-11,8.58,paid,bronze
ORD-10931,Ben Okafor,ben.okafor931@example.com,Vietnam,2025-03-20,86.6,paid,bronze
ORD-10594,Hiro Silva,john@@example,Nigeria,2026-02-24,441.67,pending,gold
ORD-10146,Ben Rossi,ben.rossi146@example.com,Nigeria,2025-04-19,200.9,pending,platinum
ORD-10056,Hiro Smith,hiro.smith56@example.com,Vietnam,2025-10-20,73.5,paid,gold
ORD-10260,Elena Smith,elena.smith260@example.com,Brazil,2025-02-02,32.78,paid,silver
ORD-10172,Grace Nguyen,grace.nguyen172@example.com,Brazil,2025-12-28,264.12,pending,gold
ORD-10111,Jon Okafor,jon.okafor111@example.com,Vietnam,2025-08-13,257.91,refunded,platinum
ORD-10922,Ivy Patel,ivy.patel922@example.com,India,2025-02-02,456.12,pending,gold
ORD-10966,Grace Patel,grace.patel966@example.com,Canada,2025-06-30,245.8,refunded,bronze
ORD-10134,Aisha Kim,aisha.kim134@example.com,Nigeria,2025-11-16,330.08,paid,bronze
ORD-10518,Ben Smith,ben.smith518@example.com,Brazil,2026-04-30,134.91,paid,silver
ORD-10569,Ivy Nguyen,ivy.nguyen569@example.com,Vietnam,2025-09-19,31.28,refunded,silver
ORD-10042,Diego Garcia,diego.garcia42@example.com,India,2026-04-17,331.72,pending,gold
ORD-10462,Jon Patel,jon.patel462@example.com,Vietnam,2026-03-08,7.39,paid,silver
ORD-10089,Hiro Brown,hiro.brown89@example.com,Nigeria,2026-03-29,484.68,pending,platinum
ORD-10997,Jon Patel,jon.patel997@example.com,Canada,2026-01-29,287.85,paid,bronze
ORD-10191,Ben Silva,ben.silva191@example.com,Nigeria,2026-04-23,219.15,paid,platinum
ORD-10101,Ben Brown,ben.brown101@example.com,India,2026-04-13,42.04,pending,bronze
ORD-10565,Farid Okafor,farid.okafor565@example.com,Vietnam,2025-01-25,223.03,paid,bronze
ORD-10512,Hiro Smith,hiro.smith512@example.com,Vietnam,2026-04-06,175.35,pending,platinum
ORD-10294,Jon Nguyen,jon.nguyen294@example.com,India,2026-01-03,482.1,refunded,silver
ORD-10865,Ben Brown,ben.brown865@example.com,Nigeria,2025-07-28,271.08,pending,platinum
ORD-10660,Aisha Nguyen,aisha.nguyen660@example.com,Canada,2026-02-04,289.45,refunded,silver
ORD-10904,Diego Nguyen,diego.nguyen904@example.com,Nigeria,2025-10-14,365.01,pending,platinum
ORD-10466,Grace Khan,unknown@unknown.com,Vietnam,2025-06-08,186.08,paid,bronze
ORD-10288,Aisha Garcia,aisha.garcia288@example.com,Canada,2025-07-30,400.75,refunded,platinum
ORD-10846,Farid Brown,john@@example,Vietnam,2026-02-17,498.27,refunded,platinum
ORD-10377,Jon Khan,jon.khan377@example.com,Australia,2026-08-20,434.4,pending,platinum
ORD-10553,Ivy Garcia,ivy.garcia553@example.com,Brazil,2026-01-20,5.1,paid,bronze
ORD-10354,Diego Khan,diego.khan354@example.com,Brazil,2025-08-13,459.36,paid,silver
ORD-10346,Elena Kim,elena.kim346@example.com,Nigeria,2026-04-02,251.95,refunded,silver
ORD-10697,Ivy Smith,unknown@unknown.com,Canada,2026-05-05,179.59,pending,silver
ORD-10243,Ivy Garcia,unknown@unknown.com,Australia,2026-02-28,280.15,paid,bronze
ORD-10833,Chen Smith,chen.smith833@example.com,Brazil,2025-09-30,80.05,refunded,silver
ORD-10882,Diego Rossi,diego.rossi882@example.com,India,2025-03-18,36.11,refunded,platinum
ORD-10523,Elena Okafor,elena.okafor523@example.com,Vietnam,2026-02-27,264.04,paid,silver
ORD-10011,Ivy Brown,ivy.brown11@example.com,Nigeria,2025-09-27,113.56,paid,platinum
ORD-10515,Grace Khan,grace.khan515@example.com,Australia,2026-09-08,175.09,pending,gold
ORD-10876,Farid Nguyen,farid.nguyen876@example.com,Canada,2025-10-15,102.06,refunded,silver
ORD-10628,Jon Rossi,jon.rossi628@example.com,Canada,2025-12-02,112.72,paid,silver
ORD-10657,Aisha Kim,aisha.kim657@example.com,Australia,2025-09-29,307.1,paid,bronze
ORD-10635,Aisha Patel,aisha.patel635@example.com,Unknown,2026-05-14,322.91,pending,bronze
ORD-10712,Farid Nguyen,farid.nguyen712@example.com,Vietnam,2025-07-19,46.38,pending,bronze
ORD-10649,Grace Nguyen,grace.nguyen649@example.com,Canada,2025-10-23,53.2,refunded,silver
ORD-10634,Ivy Rossi,ivy.rossi634@example.com,Vietnam,2026-04-01,10.74,refunded,platinum
ORD-10437,Elena Kim,elena.kim437@example.com,Vietnam,2025-05-30,182.55,pending,silver
ORD-10736,Diego Brown,unknown@unknown.com,Nigeria,2026-05-02,338.4,paid,silver
ORD-10869,Grace Garcia,grace.garcia869@example.com,Canada,2026-06-01,489.92,refunded,bronze
ORD-10257,Ivy Rossi,ivy.rossi257@example.com,Canada,2025-01-13,13.49,refunded,gold
ORD-10923,Elena Garcia,elena.garcia923@example.com,Nigeria,2025-08-27,257.91,refunded,gold
ORD-10824,Farid Silva,farid.silva824@example.com,Canada,2025-06-15,68.9,paid,silver
ORD-10558,Grace Smith,grace.smith558@example.com,Brazil,2025-02-27,435.54,paid,gold
ORD-10740,Elena Rossi,john@@example,Brazil,2025-07-13,11.33,refunded,gold
ORD-10707,Farid Khan,farid.khan707@example.com,Vietnam,2025-10-05,283.43,paid,platinum
ORD-10952,Hiro Kim,hiro.kim952@example.com,Brazil,2025-06-18,155.03,refunded,silver
ORD-10352,Chen Garcia,chen.garcia352@example.com,Nigeria,2025-11-22,474.04,refunded,bronze
ORD-10408,Hiro Rossi,hiro.rossi408@example.com,Canada,2025-07-05,349.12,refunded,gold
ORD-10274,Aisha Rossi,unknown@unknown.com,Vietnam,2025-12-07,218.16,refunded,platinum
ORD-10945,Jon Silva,jon.silva945@example.com,Nigeria,2026-01-27,15.5,paid,platinum
ORD-10848,Ivy Brown,ivy.brown848@example.com,Brazil,2025-01-05,472.31,pending,silver
ORD-10626,Ivy Garcia,ivy.garcia626@example.com,Canada,2025-06-27,298.12,pending,silver
ORD-10958,Grace Silva,grace.silva958@example.com,Australia,2025-11-12,466.4,paid,bronze
ORD-10397,Jon Khan,jon.khan397@example.com,Unknown,2025-03-14,267.27,pending,platinum
ORD-10183,Diego Okafor,diego.okafor183@example.com,Nigeria,2026-06-01,341.14,pending,silver
ORD-10304,Ben Rossi,ben.rossi304@example.com,Vietnam,2026-06-12,167.01,paid,bronze
ORD-10884,Diego Okafor,diego.okafor884@example.com,India,2025-02-25,383.23,refunded,silver
ORD-10901,Grace Smith,unknown@unknown.com,Brazil,2025-12-13,405.7,refunded,silver
ORD-10261,Chen Smith,chen.smith261@example.com,Vietnam,2026-05-27,118.73,refunded,silver
ORD-10341,Elena Kim,elena.kim341@example.com,Brazil,2025-06-28,51.89,paid,platinum
ORD-10985,Diego Silva,diego.silva985@example.com,Vietnam,2026-04-12,301.45,pending,bronze
ORD-10888,Jon Nguyen,jon.nguyen888@example.com,Brazil,2026-04-10,327.21,refunded,bronze
ORD-10054,Hiro Patel,hiro.patel54@example.com,Brazil,2026-04-21,257.91,refunded,gold
ORD-10556,Farid Khan,farid.khan556@example.com,Vietnam,2025-09-13,286.69,paid,platinum
ORD-10366,Diego Rossi,diego.rossi366@example.com,Vietnam,2026-07-22,52.48,pending,bronze
ORD-10222,Grace Patel,grace.patel222@example.com,Brazil,2025-02-07,438.99,paid,bronze
ORD-10254,Chen Patel,chen.patel254@example.com,Nigeria,2026-07-14,420.34,paid,silver
ORD-10629,Jon Nguyen,jon.nguyen629@example.com,Nigeria,2025-05-31,309.71,pending,silver
ORD-10732,Jon Nguyen,jon.nguyen732@example.com,Vietnam,2026-04-26,154.31,paid,gold
ORD-10046,Aisha Brown,aisha.brown46@example.com,Unknown,2026-07-06,313.46,refunded,bronze
ORD-10811,Ivy Nguyen,john@@example,India,2025-04-27,46.23,refunded,bronze
ORD-10990,Ivy Rossi,ivy.rossi990@example.com,Nigeria,2025-04-10,231.48,paid,platinum
ORD-10703,Diego Brown,diego.brown703@example.com,Vietnam,2025-12-10,298.71,refunded,bronze
ORD-10735,Aisha Brown,aisha.brown735@example.com,Vietnam,2025-08-11,486.92,paid,bronze
ORD-10710,Ivy Okafor,ivy.okafor710@example.com,Vietnam,2025-10-30,172.65,paid,platinum
ORD-10600,Ivy Smith,ivy.smith600@example.com,Nigeria,2026-05-11,257.91,refunded,gold
ORD-10416,Farid Okafor,farid.okafor416@example.com,Canada,2026-03-25,408.41,paid,silver
ORD-10762,Ivy Patel,ivy.patel762@example.com,Canada,2026-08-14,468.9,refunded,gold
ORD-10548,Grace Okafor,grace.okafor548@example.com,Australia,2025-03-01,257.91,paid,platinum
ORD-10433,Elena Silva,elena.silva433@example.com,Nigeria,2025-05-17,357.38,refunded,platinum
ORD-10623,Chen Kim,unknown@unknown.com,Australia,2025-12-23,166.31,refunded,silver
ORD-10021,Diego Smith,diego.smith21@example.com,Nigeria,2025-02-02,336.14,paid,gold
ORD-10140,Grace Silva,grace.silva140@example.com,India,2026-03-29,257.91,pending,silver
ORD-10432,Ben Rossi,ben.rossi432@example.com,Nigeria,2025-11-26,201.95,pending,platinum
ORD-11000,Chen Nguyen,chen.nguyen1000@example.com,Vietnam,2026-07-23,68.76,paid,silver
ORD-10079,Ben Nguyen,ben.nguyen79@example.com,Brazil,2026-08-11,96.26,paid,platinum
ORD-10447,Jon Khan,jon.khan447@example.com,Vietnam,2025-09-07,196.01,refunded,bronze
ORD-10894,Diego Smith,diego.smith894@example.com,Brazil,2025-12-16,426.74,refunded,platinum
ORD-10208,Farid Patel,farid.patel208@example.com,Vietnam,2026-02-07,240.07,paid,platinum
ORD-10153,Diego Okafor,diego.okafor153@example.com,Australia,2026-05-03,406.43,pending,gold
ORD-10627,Farid Brown,farid.brown627@example.com,Vietnam,2025-04-10,301.14,refunded,bronze
ORD-10119,Ivy Patel,ivy.patel119@example.com,Canada,2026-02-02,443.28,refunded,silver
ORD-10242,Aisha Patel,aisha.patel242@example.com,Canada,2026-05-31,122.27,paid,platinum
ORD-10053,Aisha Smith,aisha.smith53@example.com,Canada,2026-03-12,280.92,paid,bronze
ORD-10856,Diego Khan,diego.khan856@example.com,Nigeria,2026-07-09,253.81,paid,silver
ORD-10487,Ivy Brown,ivy.brown487@example.com,Nigeria,2026-05-10,494.31,refunded,gold
ORD-10498,Ben Rossi,ben.rossi498@example.com,Vietnam,2025-08-14,260.67,paid,bronze
ORD-10723,Chen Okafor,chen.okafor723@example.com,Vietnam,2025-06-17,29.11,pending,silver
ORD-10844,Jon Patel,jon.patel844@example.com,Vietnam,2026-01-22,229.88,paid,gold
ORD-10362,Grace Patel,grace.patel362@example.com,Brazil,2026-02-28,55.21,pending,gold
ORD-10422,Ivy Silva,ivy.silva422@example.com,Brazil,2026-05-23,168.79,pending,silver
ORD-10228,Diego Nguyen,diego.nguyen228@example.com,Unknown,2025-05-02,346.69,refunded,platinum
ORD-10941,Ben Okafor,ben.okafor941@example.com,Brazil,2025-11-28,197.65,pending,silver
ORD-10360,Ben Garcia,ben.garcia360@example.com,Canada,2025-12-22,226.08,pending,bronze
ORD-10300,Farid Khan,farid.khan300@example.com,India,2026-03-15,403.69,refunded,platinum
ORD-10064,Aisha Nguyen,aisha.nguyen64@example.com,Australia,2025-11-09,67.48,refunded,platinum
ORD-10353,Chen Khan,unknown@unknown.com,Vietnam,2025-07-12,23.79,paid,silver
ORD-10595,Jon Brown,jon.brown595@example.com,India,2025-08-01,23.18,paid,silver
ORD-10142,Diego Patel,unknown@unknown.com,Australia,2025-09-19,374.77,paid,silver
ORD-10361,Diego Garcia,diego.garcia361@example.com,Australia,2025-03-11,196.04,refunded,platinum
ORD-10037,Aisha Okafor,aisha.okafor37@example.com,Canada,2025-05-14,282.65,paid,platinum
ORD-10636,Hiro Khan,hiro.khan636@example.com,Nigeria,2026-03-12,195.43,paid,gold
ORD-10511,Elena Brown,elena.brown511@example.com,Unknown,2026-08-05,111.66,pending,platinum
ORD-10862,Elena Rossi,elena.rossi862@example.com,India,2025-05-04,256.77,refunded,silver
ORD-10502,Jon Okafor,jon.okafor502@example.com,Australia,2025-06-09,383.3,refunded,gold
ORD-10976,Grace Khan,grace.khan976@example.com,Unknown,2025-03-25,150.46,paid,gold
ORD-10581,Hiro Patel,hiro.patel581@example.com,Canada,2026-05-30,426.8,pending,bronze
ORD-10368,Jon Silva,jon.silva368@example.com,India,2025-07-24,488.64,pending,gold
ORD-10974,Ivy Kim,ivy.kim974@example.com,Nigeria,2025-09-12,331.81,paid,bronze
ORD-10632,Aisha Nguyen,aisha.nguyen632@example.com,Vietnam,2026-07-28,218.7,refunded,gold
ORD-10598,Farid Okafor,farid.okafor598@example.com,Brazil,2026-01-24,238.05,paid,platinum
ORD-10459,Jon Nguyen,jon.nguyen459@example.com,Nigeria,2026-07-17,337.48,pending,platinum
ORD-10470,Diego Brown,diego.brown470@example.com,Brazil,2026-01-05,490.39,pending,bronze
ORD-10072,Elena Okafor,elena.okafor72@example.com,Australia,2025-10-14,124.47,pending,platinum
ORD-10984,Farid Patel,farid.patel984@example.com,Brazil,2026-06-17,257.91,pending,gold
ORD-10567,Elena Nguyen,elena.nguyen567@example.com,Brazil,2025-12-18,169.28,refunded,gold
ORD-10035,Elena Smith,elena.smith35@example.com,Vietnam,2025-04-20,105.78,refunded,bronze
ORD-10305,Ben Silva,ben.silva305@example.com,Nigeria,2026-02-01,484.22,paid,bronze
ORD-10564,Grace Okafor,grace.okafor564@example.com,Canada,2026-08-13,257.91,paid,silver
ORD-10107,Hiro Kim,john@@example,Vietnam,2025-01-10,223.66,pending,bronze
ORD-10586,Aisha Garcia,aisha.garcia586@example.com,Vietnam,2025-10-26,87.41,pending,bronze
ORD-10285,Hiro Silva,hiro.silva285@example.com,Australia,2025-11-23,425.34,refunded,gold
ORD-10509,Elena Garcia,elena.garcia509@example.com,Brazil,2026-07-23,401.02,refunded,gold
ORD-10039,Farid Nguyen,farid.nguyen39@example.com,India,2026-01-02,391.16,pending,bronze
ORD-10533,Grace Nguyen,grace.nguyen533@example.com,Brazil,2025-05-05,257.91,refunded,silver
ORD-10154,Ben Brown,ben.brown154@example.com,Canada,2025-06-26,264.41,refunded,gold
ORD-10787,Aisha Kim,aisha.kim787@example.com,Brazil,2025-09-26,293.54,refunded,silver
ORD-10847,Hiro Rossi,hiro.rossi847@example.com,India,2025-06-16,69.05,refunded,platinum
ORD-10240,Diego Smith,diego.smith240@example.com,Australia,2025-02-02,38.31,refunded,gold
ORD-10244,Farid Rossi,farid.rossi244@example.com,Brazil,2026-06-22,153.44,paid,platinum
ORD-10831,Elena Silva,elena.silva831@example.com,Australia,2026-06-03,170.63,paid,silver
ORD-10268,Chen Rossi,chen.rossi268@example.com,Australia,2025-11-21,225.14,pending,platinum
ORD-10551,Ben Patel,ben.patel551@example.com,Vietnam,2025-07-04,467.09,pending,gold
ORD-10404,Elena Kim,elena.kim404@example.com,Canada,2026-04-12,498.09,pending,bronze
ORD-10686,Elena Patel,elena.patel686@example.com,Brazil,2025-04-24,113.83,pending,gold
ORD-10026,Aisha Smith,aisha.smith26@example.com,Brazil,2025-08-31,433.0,paid,bronze
ORD-10143,Chen Rossi,chen.rossi143@example.com,Nigeria,2026-06-30,201.55,refunded,silver
ORD-10838,Elena Brown,elena.brown838@example.com,Canada,2025-05-31,350.25,refunded,platinum
ORD-10218,Ivy Kim,ivy.kim218@example.com,Canada,2025-05-21,30.13,refunded,bronze
ORD-10946,Elena Garcia,elena.garcia946@example.com,Australia,2026-03-15,257.91,pending,gold
ORD-10507,Elena Silva,elena.silva507@example.com,Brazil,2025-12-18,212.45,pending,bronze
ORD-10713,Ben Brown,ben.brown713@example.com,Vietnam,2026-02-08,201.79,refunded,bronze
ORD-10566,Diego Okafor,diego.okafor566@example.com,Canada,2025-09-06,474.73,paid,gold
ORD-10935,Chen Patel,chen.patel935@example.com,Vietnam,2025-01-19,257.91,refunded,silver
ORD-10326,Ben Silva,ben.silva326@example.com,Brazil,2026-04-12,82.87,paid,bronze
ORD-10868,Ivy Khan,john@@example,Brazil,2025-03-13,363.91,pending,gold
ORD-10493,Diego Nguyen,diego.nguyen493@example.com,Brazil,2025-06-11,205.7,paid,bronze
ORD-10052,Hiro Rossi,hiro.rossi52@example.com,Canada,2026-08-13,202.83,paid,platinum
ORD-10082,Elena Khan,elena.khan82@example.com,Nigeria,2026-03-16,474.06,paid,bronze
ORD-10531,Grace Kim,grace.kim531@example.com,Canada,2026-05-26,44.71,paid,gold
ORD-10086,Ben Nguyen,ben.nguyen86@example.com,Unknown,2025-06-19,66.56,refunded,platinum
ORD-10821,Grace Silva,grace.silva821@example.com,Canada,2025-04-30,350.27,paid,gold
ORD-10356,Farid Smith,farid.smith356@example.com,Australia,2026-01-18,164.69,paid,silver
ORD-10118,Elena Rossi,elena.rossi118@example.com,Australia,2025-04-30,62.48,paid,bronze
ORD-10277,Diego Khan,diego.khan277@example.com,Nigeria,2026-07-13,471.77,paid,silver
ORD-10793,Aisha Patel,aisha.patel793@example.com,Vietnam,2026-05-27,451.88,pending,bronze
ORD-10273,Farid Kim,farid.kim273@example.com,Nigeria,2025-09-10,57.95,pending,silver
ORD-10475,Ben Silva,ben.silva475@example.com,Nigeria,2026-05-06,16.11,paid,gold
ORD-10561,Ivy Smith,ivy.smith561@example.com,Brazil,2025-08-16,171.4,pending,silver
ORD-10289,Chen Okafor,chen.okafor289@example.com,Australia,2025-11-30,266.22,refunded,silver
ORD-10956,Hiro Kim,hiro.kim956@example.com,Vietnam,2026-01-20,101.88,paid,gold
ORD-10602,Diego Kim,unknown@unknown.com,Australia,2025-07-18,370.05,paid,gold
ORD-10910,Grace Silva,grace.silva910@example.com,Vietnam,2026-04-24,140.14,paid,silver
ORD-10683,Diego Smith,diego.smith683@example.com,India,2025-08-31,41.4,refunded,gold
ORD-10263,Aisha Garcia,aisha.garcia263@example.com,Australia,2025-05-28,284.16,refunded,platinum
ORD-10473,Hiro Silva,hiro.silva473@example.com,India,2025-01-07,259.7,pending,gold
ORD-10700,Ben Smith,ben.smith700@example.com,Australia,2026-05-02,141.59,refunded,gold
ORD-10818,Diego Garcia,diego.garcia818@example.com,Vietnam,2025-10-29,317.05,refunded,bronze
ORD-10349,Farid Khan,farid.khan349@example.com,Vietnam,2026-05-30,257.91,paid,gold
ORD-10073,Hiro Brown,hiro.brown73@example.com,Canada,2025-09-04,397.5,paid,bronze
ORD-10100,Grace Rossi,grace.rossi100@example.com,Australia,2025-06-05,435.5,pending,bronze
ORD-10720,Hiro Smith,hiro.smith720@example.com,Brazil,2025-10-22,64.08,pending,silver
ORD-10278,Hiro Kim,hiro.kim278@example.com,Brazil,2025-03-12,124.8,refunded,platinum
ORD-10259,Farid Kim,unknown@unknown.com,Brazil,2026-11-02,495.17,paid,silver
ORD-10043,Farid Kim,farid.kim43@example.com,Canada,2025-03-13,469.92,paid,platinum
ORD-10875,Elena Okafor,elena.okafor875@example.com,Nigeria,2025-07-16,120.96,pending,bronze
ORD-10224,Elena Garcia,elena.garcia224@example.com,Canada,2025-04-26,360.71,paid,platinum
ORD-10801,Hiro Silva,hiro.silva801@example.com,Australia,2025-10-03,473.97,refunded,platinum
ORD-10158,Grace Patel,unknown@unknown.com,Brazil,2025-03-28,336.71,refunded,platinum
ORD-10178,Farid Kim,farid.kim178@example.com,Brazil,2025-05-08,172.82,paid,gold
ORD-10790,Hiro Okafor,hiro.okafor790@example.com,Nigeria,2025-02-16,488.87,refunded,silver
ORD-10680,Diego Rossi,diego.rossi680@example.com,Brazil,2025-09-15,371.51,refunded,silver
ORD-10365,Hiro Nguyen,hiro.nguyen365@example.com,Brazil,2026-03-18,55.12,paid,gold
ORD-10285,Hiro Silva,hiro.silva285@example.com,Australia,2025-11-23,425.34,refunded,silver
ORD-10755,Aisha Brown,aisha.brown755@example.com,Canada,2025-11-30,136.98,refunded,silver
ORD-10886,Ben Patel,ben.patel886@example.com,Vietnam,2025-03-05,55.4,paid,platinum
ORD-10830,Ben Brown,ben.brown830@example.com,Canada,2025-12-02,257.91,paid,gold
ORD-10117,Aisha Khan,aisha.khan117@example.com,Nigeria,2026-07-29,319.52,pending,bronze
ORD-10049,Elena Kim,elena.kim49@example.com,Nigeria,2025-08-04,223.68,refunded,silver
ORD-10065,Ben Khan,ben.khan65@example.com,Unknown,2025-12-08,304.92,refunded,bronze
ORD-10279,Chen Rossi,chen.rossi279@example.com,Nigeria,2026-01-22,269.51,refunded,bronze
ORD-10014,Ivy Kim,ivy.kim14@example.com,Brazil,2025-12-15,6.61,refunded,gold
ORD-10082,Elena Khan,elena.khan82@example.com,Nigeria,2026-03-16,474.06,paid,platinum
ORD-10955,Elena Khan,elena.khan955@example.com,Canada,2026-07-05,193.32,pending,bronze
ORD-10401,Grace Silva,grace.silva401@example.com,Nigeria,2026-01-28,475.28,pending,bronze
ORD-10749,Hiro Silva,hiro.silva749@example.com,Nigeria,2025-06-02,257.91,paid,platinum
ORD-10603,Jon Rossi,jon.rossi603@example.com,Vietnam,2026-02-28,322.11,refunded,gold
ORD-10988,Hiro Rossi,hiro.rossi988@example.com,Nigeria,2025-11-03,214.11,pending,silver
ORD-10391,Farid Kim,farid.kim391@example.com,India,2025-09-25,403.69,refunded,gold
ORD-10927,Hiro Smith,hiro.smith927@example.com,Vietnam,2026-02-13,234.03,paid,bronze
ORD-10273,Farid Kim,farid.kim273@example.com,Nigeria,2025-09-10,57.95,pending,platinum
ORD-10784,Chen Khan,chen.khan784@example.com,Nigeria,2025-05-01,257.91,pending,silver
ORD-10557,Ben Okafor,ben.okafor557@example.com,Canada,2026-05-10,257.91,refunded,silver
ORD-10981,Ben Okafor,ben.okafor981@example.com,Canada,2026-01-22,115.66,paid,gold
ORD-10596,Jon Khan,jon.khan596@example.com,Australia,2025-11-02,211.39,paid,platinum
ORD-10396,Grace Okafor,grace.okafor396@example.com,Vietnam,2026-01-16,257.91,refunded,bronze
ORD-10250,Farid Kim,farid.kim250@example.com,Brazil,2025-09-25,402.39,refunded,gold
ORD-10947,Diego Patel,diego.patel947@example.com,Unknown,2026-01-20,370.93,pending,gold
ORD-10175,Ivy Okafor,ivy.okafor175@example.com,Canada,2025-06-29,257.91,paid,gold
ORD-10671,Farid Rossi,farid.rossi671@example.com,Canada,2025-11-29,257.91,paid,gold
ORD-10637,Chen Rossi,unknown@unknown.com,Canada,2025-01-08,208.36,refunded,silver
ORD-10555,Farid Nguyen,farid.nguyen555@example.com,Australia,2025-10-10,82.27,pending,bronze
ORD-10173,Ben Brown,ben.brown173@example.com,Brazil,2026-07-12,490.61,pending,gold
ORD-10854,Ben Khan,ben.khan854@example.com,Brazil,2026-02-24,479.25,pending,silver
ORD-10394,Farid Brown,farid.brown394@example.com,Canada,2025-11-04,53.31,paid,gold
ORD-10718,Jon Patel,jon.patel718@example.com,Unknown,2025-07-24,25.91,pending,silver
ORD-10936,Aisha Kim,aisha.kim936@example.com,India,2025-06-07,446.88,refunded,bronze
ORD-10382,Grace Silva,unknown@unknown.com,Australia,2026-06-13,257.91,refunded,gold
ORD-10828,Elena Okafor,elena.okafor828@example.com,Nigeria,2025-12-30,427.44,refunded,platinum
ORD-10226,Grace Smith,grace.smith226@example.com,Vietnam,2025-07-09,134.09,paid,bronze
ORD-10280,Grace Brown,grace.brown280@example.com,Nigeria,2025-02-07,385.63,refunded,platinum
ORD-10135,Ben Okafor,ben.okafor135@example.com,Vietnam,2026-07-24,423.35,refunded,gold
ORD-10573,Chen Nguyen,chen.nguyen573@example.com,Canada,2025-12-22,498.02,refunded,silver
ORD-10233,Jon Silva,jon.silva233@example.com,Australia,2025-04-04,259.06,pending,silver
ORD-10899,Diego Kim,diego.kim899@example.com,Vietnam,2025-06-28,424.53,paid,bronze
ORD-10232,Diego Khan,diego.khan232@example.com,Vietnam,2026-07-04,341.75,refunded,bronze
ORD-10874,Aisha Smith,aisha.smith874@example.com,India,2026-04-19,114.65,paid,gold
ORD-10885,Hiro Khan,hiro.khan885@example.com,Australia,2025-05-08,160.07,refunded,silver
ORD-10446,Jon Brown,jon.brown446@example.com,Canada,2026-05-02,123.97,refunded,platinum
ORD-10783,Elena Patel,elena.patel783@example.com,Brazil,2025-02-20,49.09,pending,bronze
ORD-10964,Farid Patel,farid.patel964@example.com,Canada,2025-10-03,8.18,paid,platinum
ORD-10987,Aisha Okafor,aisha.okafor987@example.com,Canada,2025-06-06,461.96,paid,bronze
ORD-10440,Diego Khan,diego.khan440@example.com,Unknown,2026-03-30,389.19,paid,gold
ORD-10248,Jon Brown,jon.brown248@example.com,Vietnam,2025-08-11,109.84,paid,gold
ORD-10247,Hiro Okafor,hiro.okafor247@example.com,Vietnam,2025-04-05,437.44,paid,silver
ORD-10293,Ivy Patel,ivy.patel293@example.com,Vietnam,2026-07-23,160.72,pending,bronze
ORD-10993,Aisha Smith,aisha.smith993@example.com,Australia,2025-12-31,298.73,paid,silver
ORD-10166,Elena Silva,elena.silva166@example.com,Unknown,2026-10-06,257.91,pending,platinum
ORD-10642,Elena Khan,elena.khan642@example.com,Brazil,2025-09-24,329.88,pending,gold
ORD-10083,Diego Kim,diego.kim83@example.com,India,2025-03-25,6.32,pending,platinum
ORD-10122,Ben Garcia,ben.garcia122@example.com,Vietnam,2025-01-22,394.55,paid,silver
ORD-10474,Diego Patel,diego.patel474@example.com,Nigeria,2025-11-07,210.23,pending,gold
ORD-10890,Ben Khan,ben.khan890@example.com,Nigeria,2025-07-18,213.4,refunded,silver
ORD-10530,Elena Patel,elena.patel530@example.com,Australia,2026-03-25,249.32,pending,bronze
ORD-10728,Ben Patel,ben.patel728@example.com,Vietnam,2025-01-18,409.43,refunded,platinum
ORD-10074,Elena Garcia,elena.garcia74@example.com,Canada,2026-02-19,278.97,pending,silver
ORD-10612,Chen Garcia,chen.garcia612@example.com,Nigeria,2025-12-15,75.93,paid,bronze
ORD-10094,Ben Nguyen,ben.nguyen94@example.com,Nigeria,2025-09-03,51.14,paid,silver
ORD-10102,Farid Khan,farid.khan102@example.com,Vietnam,2026-02-12,257.91,pending,bronze
ORD-10407,Ivy Khan,ivy.khan407@example.com,Australia,2025-02-19,346.43,pending,bronze
ORD-10866,Ivy Silva,ivy.silva866@example.com,Brazil,2025-12-02,5.27,pending,bronze
ORD-10324,Aisha Patel,aisha.patel324@example.com,Nigeria,2026-05-24,189.08,refunded,silver
ORD-10198,Aisha Patel,aisha.patel198@example.com,Brazil,2026-03-27,305.3,pending,gold
ORD-10609,Jon Khan,jon.khan609@example.com,Australia,2026-02-03,356.37,pending,bronze
ORD-10464,Elena Silva,elena.silva464@example.com,Canada,2026-07-19,430.06,paid,platinum
ORD-10562,Jon Nguyen,jon.nguyen562@example.com,Australia,2026-07-16,388.04,paid,platinum
ORD-10018,Chen Patel,chen.patel18@example.com,Nigeria,2026-02-05,464.81,refunded,bronze
ORD-10894,Diego Smith,diego.smith894@example.com,Brazil,2025-12-16,426.74,refunded,bronze
ORD-10479,Elena Patel,elena.patel479@example.com,Nigeria,2025-12-17,192.21,paid,silver
ORD-10378,Grace Kim,grace.kim378@example.com,Nigeria,2026-01-28,90.24,pending,platinum
ORD-10297,Hiro Brown,hiro.brown297@example.com,Australia,2026-06-08,273.31,paid,gold
ORD-10716,Grace Rossi,grace.rossi716@example.com,India,2025-05-23,494.25,refunded,bronze
ORD-10879,Ivy Khan,ivy.khan879@example.com,Brazil,2025-09-16,219.11,pending,platinum
ORD-10192,Ben Brown,ben.brown192@example.com,India,2025-06-06,176.28,refunded,bronze
ORD-10217,Ben Okafor,ben.okafor217@example.com,Brazil,2026-03-29,414.84,pending,bronze
ORD-10996,Ben Smith,ben.smith996@example.com,Nigeria,2026-05-16,348.39,paid,bronze
ORD-10540,Grace Okafor,grace.okafor540@example.com,Australia,2025-05-18,281.72,refunded,platinum
ORD-10896,Hiro Garcia,hiro.garcia896@example.com,India,2025-04-01,123.31,refunded,gold
ORD-10611,Ben Okafor,unknown@unknown.com,Australia,2025-02-08,400.52,refunded,bronze
ORD-10137,Aisha Patel,aisha.patel137@example.com,India,2025-05-27,374.33,paid,gold
ORD-10453,Grace Smith,grace.smith453@example.com,Canada,2026-07-02,351.94,paid,silver
ORD-10296,Diego Kim,diego.kim296@example.com,Nigeria,2025-03-02,391.47,refunded,silver
ORD-10265,Aisha Smith,aisha.smith265@example.com,Australia,2026-03-24,484.62,pending,silver
ORD-10812,Elena Okafor,elena.okafor812@example.com,Vietnam,2026-11-04,109.48,paid,platinum
ORD-10303,Farid Garcia,farid.garcia303@example.com,Nigeria,2026-02-07,190.71,paid,platinum
ORD-10343,Ben Khan,ben.khan343@example.com,Australia,2026-08-24,102.89,refunded,platinum
ORD-10237,Hiro Rossi,hiro.rossi237@example.com,Canada,2026-01-20,63.72,refunded,bronze
ORD-10758,Grace Garcia,grace.garcia758@example.com,Nigeria,2026-05-24,136.25,pending,platinum
ORD-10607,Aisha Brown,aisha.brown607@example.com,Unknown,2025-03-11,290.81,pending,gold
ORD-10169,Hiro Patel,hiro.patel169@example.com,Australia,2026-04-26,131.68,paid,bronze
ORD-10696,Farid Patel,farid.patel696@example.com,Canada,2026-07-27,490.72,paid,silver
ORD-10338,Ben Patel,unknown@unknown.com,Brazil,2025-04-19,64.76,pending,bronze
ORD-10570,Aisha Smith,aisha.smith570@example.com,Canada,2026-02-02,14.44,refunded,silver
ORD-10756,Hiro Khan,hiro.khan756@example.com,Nigeria,2025-01-23,288.41,pending,gold
ORD-10539,Ivy Smith,ivy.smith539@example.com,Unknown,2025-05-09,367.93,paid,gold
ORD-10638,Jon Okafor,jon.okafor638@example.com,Brazil,2025-02-04,292.23,refunded,silver
ORD-10108,Jon Kim,jon.kim108@example.com,Vietnam,2026-03-11,427.4,paid,bronze
ORD-10913,Ivy Garcia,ivy.garcia913@example.com,Vietnam,2025-12-08,257.91,refunded,platinum
ORD-10563,Chen Silva,chen.silva563@example.com,Brazil,2026-07-27,124.95,pending,bronze
ORD-10098,Ivy Silva,ivy.silva98@example.com,Nigeria,2025-12-20,466.76,paid,platinum
ORD-10085,Elena Khan,elena.khan85@example.com,Nigeria,2025-07-22,454.66,paid,gold
ORD-10699,Ben Silva,ben.silva699@example.com,Nigeria,2026-06-29,98.24,pending,bronze
ORD-10147,Farid Garcia,farid.garcia147@example.com,Nigeria,2025-08-12,453.43,pending,silver
ORD-10133,Aisha Khan,aisha.khan133@example.com,Australia,2026-07-30,437.44,pending,platinum
ORD-10225,Farid Kim,unknown@unknown.com,Nigeria,2026-08-05,260.06,paid,gold
ORD-10129,Jon Khan,jon.khan129@example.com,Nigeria,2026-07-16,255.25,pending,gold
ORD-10201,Diego Patel,diego.patel201@example.com,India,2025-12-02,251.89,pending,platinum
ORD-10034,Elena Khan,elena.khan34@example.com,Nigeria,2026-06-26,469.77,paid,platinum
ORD-10618,Ivy Silva,ivy.silva618@example.com,Brazil,2025-02-21,194.88,paid,platinum
ORD-10099,Diego Khan,diego.khan99@example.com,Brazil,2026-01-28,373.63,refunded,bronze
ORD-10375,Diego Patel,diego.patel375@example.com,Canada,2025-09-22,197.11,pending,silver
ORD-10698,Ivy Rossi,ivy.rossi698@example.com,Vietnam,2025-10-11,245.68,refunded,gold
ORD-10730,Chen Garcia,chen.garcia730@example.com,Unknown,2025-11-11,346.95,paid,bronze
ORD-10264,Grace Brown,grace.brown264@example.com,Canada,2025-12-06,252.89,pending,platinum
ORD-10481,Jon Nguyen,jon.nguyen481@example.com,Brazil,2026-06-29,449.0,refunded,bronze
ORD-10549,Ivy Smith,ivy.smith549@example.com,Brazil,2025-04-14,265.47,paid,gold
ORD-10319,Aisha Khan,aisha.khan319@example.com,India,2025-03-11,474.6,pending,platinum
ORD-10520,Ivy Patel,ivy.patel520@example.com,Vietnam,2025-01-30,236.26,refunded,bronze
ORD-10816,Chen Garcia,chen.garcia816@example.com,Vietnam,2026-03-23,239.62,paid,platinum
ORD-10653,Elena Kim,elena.kim653@example.com,Nigeria,2025-07-17,469.56,refunded,gold
ORD-10624,Ben Kim,ben.kim624@example.com,Nigeria,2026-06-30,312.33,refunded,platinum
ORD-10476,Chen Khan,chen.khan476@example.com,Nigeria,2025-06-14,32.68,pending,silver
ORD-10488,Farid Rossi,farid.rossi488@example.com,India,2025-05-22,54.64,refunded,silver
ORD-10879,Ivy Khan,ivy.khan879@example.com,Brazil,2025-09-16,219.11,pending,bronze
ORD-10803,Ben Brown,ben.brown803@example.com,Vietnam,2026-01-26,482.7,pending,silver
ORD-10737,Chen Okafor,chen.okafor737@example.com,Nigeria,2026-01-24,60.86,pending,gold
ORD-10770,Jon Smith,jon.smith770@example.com,Nigeria,2025-11-17,468.07,paid,gold
ORD-10358,Grace Kim,grace.kim358@example.com,Canada,2025-10-29,426.12,refunded,silver
ORD-10016,Ivy Brown,ivy.brown16@example.com,Australia,2025-01-01,439.97,pending,gold
ORD-10842,Elena Brown,unknown@unknown.com,Canada,2025-12-29,152.49,refunded,bronze
ORD-10893,Ivy Khan,unknown@unknown.com,Nigeria,2025-05-29,175.19,paid,gold
ORD-10387,Diego Kim,diego.kim387@example.com,Canada,2026-02-24,456.2,refunded,platinum
ORD-10840,Chen Brown,chen.brown840@example.com,Australia,2026-07-08,379.74,paid,platinum
ORD-10418,Ben Patel,ben.patel418@example.com,Brazil,2025-03-02,94.72,pending,bronze
ORD-10148,Farid Patel,farid.patel148@example.com,Vietnam,2025-08-30,303.19,refunded,silver
ORD-10036,Elena Brown,elena.brown36@example.com,Australia,2026-05-16,415.53,paid,bronze
ORD-10584,Grace Rossi,grace.rossi584@example.com,Vietnam,2025-02-12,262.72,pending,platinum
ORD-10559,Jon Nguyen,jon.nguyen559@example.com,Nigeria,2026-01-27,272.27,paid,platinum
ORD-10340,Jon Nguyen,jon.nguyen340@example.com,Australia,2025-08-09,201.14,paid,platinum
ORD-10845,Grace Rossi,grace.rossi845@example.com,Brazil,2025-03-25,257.91,paid,gold
ORD-10030,Diego Rossi,diego.rossi30@example.com,Unknown,2025-05-03,212.52,refunded,silver
ORD-10777,Hiro Silva,john@@example,Brazil,2026-02-27,350.75,refunded,platinum
ORD-10751,Ivy Nguyen,ivy.nguyen751@example.com,Nigeria,2026-02-05,384.4,pending,gold
ORD-10753,Farid Rossi,farid.rossi753@example.com,Vietnam,2025-04-10,32.94,paid,platinum
ORD-10903,Farid Okafor,unknown@unknown.com,Australia,2026-03-16,395.85,pending,bronze
ORD-10209,Farid Okafor,farid.okafor209@example.com,Unknown,2025-04-23,136.44,refunded,gold
ORD-10510,Chen Silva,chen.silva510@example.com,Brazil,2025-01-10,393.74,pending,bronze
ORD-10031,Jon Brown,jon.brown31@example.com,Canada,2025-11-20,136.48,paid,gold
ORD-10631,Ben Khan,ben.khan631@example.com,India,2025-01-09,187.77,refunded,gold
ORD-10113,Grace Patel,grace.patel113@example.com,Nigeria,2025-07-25,416.08,pending,platinum
ORD-10374,Chen Patel,chen.patel374@example.com,Australia,2025-08-05,494.2,pending,bronze
ORD-10795,Ivy Silva,ivy.silva795@example.com,Australia,2025-02-24,22.75,pending,silver
ORD-10719,Jon Kim,jon.kim719@example.com,Australia,2026-05-21,135.03,refunded,bronze
ORD-10953,Hiro Garcia,hiro.garcia953@example.com,Vietnam,2025-10-06,88.04,pending,gold
ORD-10179,Hiro Silva,hiro.silva179@example.com,Australia,2026-01-12,218.15,paid,gold
ORD-10177,Grace Brown,grace.brown177@example.com,Canada,2026-04-30,181.7,paid,gold
ORD-10430,Jon Smith,jon.smith430@example.com,Nigeria,2026-04-07,7.15,refunded,bronze
ORD-10925,Ben Rossi,ben.rossi925@example.com,India,2025-07-31,409.86,refunded,platinum
ORD-10425,Aisha Brown,unknown@unknown.com,Australia,2026-07-17,329.03,pending,platinum
ORD-10381,Chen Kim,chen.kim381@example.com,Canada,2026-03-30,98.03,paid,bronze
ORD-10836,Grace Nguyen,grace.nguyen836@example.com,Canada,2026-02-07,488.98,refunded,gold
ORD-10567,Elena Nguyen,elena.nguyen567@example.com,Brazil,2025-12-18,169.28,refunded,platinum
ORD-10063,Hiro Nguyen,hiro.nguyen63@example.com,Vietnam,2026-07-07,391.71,refunded,gold
ORD-10040,Jon Patel,jon.patel40@example.com,India,2025-08-31,93.78,pending,bronze
ORD-10841,Aisha Nguyen,aisha.nguyen841@example.com,Vietnam,2026-07-07,367.33,pending,gold
ORD-10898,Ivy Smith,ivy.smith898@example.com,India,2025-05-26,487.78,paid,bronze
ORD-10160,Hiro Garcia,hiro.garcia160@example.com,Australia,2025-08-20,256.31,refunded,bronze
ORD-10532,Aisha Kim,aisha.kim532@example.com,Brazil,2026-06-02,448.37,pending,gold
ORD-10132,Hiro Smith,hiro.smith132@example.com,Brazil,2025-04-04,406.83,refunded,silver
ORD-10010,Jon Okafor,unknown@unknown.com,Canada,2025-06-08,136.12,paid,silver
ORD-10058,Grace Rossi,grace.rossi58@example.com,Nigeria,2026-08-22,7.92,pending,gold
ORD-10182,Ben Rossi,ben.rossi182@example.com,Australia,2026-01-08,22.23,paid,platinum
ORD-10991,Jon Patel,jon.patel991@example.com,India,2026-03-29,403.16,paid,gold
ORD-10145,Grace Kim,grace.kim145@example.com,Vietnam,2025-04-28,416.85,pending,silver
ORD-10047,Ben Kim,ben.kim47@example.com,Brazil,2026-06-04,350.12,refunded,gold
ORD-10933,Diego Rossi,diego.rossi933@example.com,Australia,2025-02-08,336.8,pending,platinum
ORD-10989,Farid Rossi,farid.rossi989@example.com,Canada,2026-02-05,257.91,paid,bronze
ORD-10613,Ivy Patel,ivy.patel613@example.com,Brazil,2025-07-30,158.94,paid,platinum
ORD-10483,Grace Okafor,grace.okafor483@example.com,India,2026-08-13,384.1,paid,silver
ORD-10940,Ben Okafor,ben.okafor940@example.com,India,2025-11-27,64.8,paid,bronze
ORD-10087,Elena Rossi,elena.rossi87@example.com,Australia,2025-10-06,368.59,refunded,bronze
ORD-10911,Chen Silva,chen.silva911@example.com,Australia,2025-08-28,150.79,refunded,platinum
ORD-10939,Aisha Okafor,aisha.okafor939@example.com,Australia,2025-07-16,26.79,refunded,platinum
ORD-10445,Grace Smith,grace.smith445@example.com,India,2025-12-24,183.59,paid,silver
ORD-10318,Chen Rossi,unknown@unknown.com,Nigeria,2026-08-06,257.91,paid,platinum
ORD-10796,Chen Silva,chen.silva796@example.com,Brazil,2026-03-23,181.48,refunded,bronze
ORD-10656,Grace Okafor,grace.okafor656@example.com,Australia,2025-09-21,194.49,pending,silver
ORD-10103,Ivy Nguyen,ivy.nguyen103@example.com,Canada,2025-12-03,374.65,pending,silver
ORD-10410,Ivy Khan,john@@example,Australia,2025-01-05,306.46,pending,platinum
ORD-10431,Aisha Brown,aisha.brown431@example.com,Nigeria,2026-03-20,366.59,paid,platinum
ORD-10640,Ben Brown,ben.brown640@example.com,Australia,2026-08-17,237.09,refunded,gold
ORD-10008,Elena Smith,elena.smith8@example.com,Brazil,2025-06-25,494.81,refunded,gold
ORD-10752,Farid Nguyen,farid.nguyen752@example.com,Vietnam,2025-01-29,383.77,refunded,gold
ORD-10880,Elena Smith,unknown@unknown.com,Vietnam,2026-06-15,28.25,pending,gold
ORD-10982,Elena Smith,elena.smith982@example.com,Canada,2025-04-25,257.91,paid,gold
ORD-10521,Elena Brown,elena.brown521@example.com,Canada,2026-04-01,317.37,refunded,platinum
ORD-10767,Aisha Kim,aisha.kim767@example.com,Australia,2025-10-12,32.39,paid,silver
ORD-10490,Jon Rossi,jon.rossi490@example.com,India,2025-04-01,306.47,refunded,gold
ORD-10369,Ben Kim,ben.kim369@example.com,Canada,2026-02-12,322.72,pending,platinum
ORD-10760,Ivy Silva,ivy.silva760@example.com,Australia,2026-03-14,219.29,refunded,platinum
ORD-10093,Hiro Nguyen,hiro.nguyen93@example.com,India,2025-07-28,441.02,pending,bronze
ORD-10937,Diego Silva,diego.silva937@example.com,Canada,2025-02-18,30.95,paid,silver
ORD-10726,Chen Nguyen,chen.nguyen726@example.com,Brazil,2025-05-21,460.85,paid,silver
ORD-10094,Ben Nguyen,ben.nguyen94@example.com,Nigeria,2025-09-03,51.14,paid,bronze
ORD-10325,Elena Smith,elena.smith325@example.com,Brazil,2025-01-31,135.16,refunded,silver
ORD-10367,Jon Brown,jon.brown367@example.com,Vietnam,2026-05-18,48.38,refunded,platinum
ORD-10620,Ivy Smith,ivy.smith620@example.com,Canada,2026-04-22,230.51,refunded,silver
ORD-10501,Diego Silva,diego.silva501@example.com,India,2025-07-24,118.46,paid,platinum
ORD-10124,Aisha Kim,aisha.kim124@example.com,Vietnam,2025-05-29,332.22,paid,gold
ORD-10215,Elena Garcia,elena.garcia215@example.com,Vietnam,2026-05-16,65.33,refunded,platinum
ORD-10167,Aisha Rossi,aisha.rossi167@example.com,Vietnam,2025-02-24,497.29,pending,platinum
ORD-10920,Jon Khan,jon.khan920@example.com,Brazil,2026-08-11,257.91,pending,silver
ORD-10593,Aisha Silva,aisha.silva593@example.com,Australia,2026-05-25,112.35,refunded,silver
ORD-10519,Ben Rossi,unknown@unknown.com,Canada,2025-11-13,315.11,paid,bronze
ORD-10096,Hiro Garcia,unknown@unknown.com,India,2026-04-13,141.74,pending,gold
ORD-10605,Farid Rossi,unknown@unknown.com,India,2026-08-06,417.74,refunded,gold
ORD-10681,Chen Patel,chen.patel681@example.com,Australia,2025-01-30,362.09,refunded,silver
ORD-10211,Diego Nguyen,diego.nguyen211@example.com,Australia,2026-08-10,212.3,pending,gold
ORD-10771,Chen Smith,chen.smith771@example.com,Vietnam,2025-06-29,130.88,refunded,gold
ORD-10409,Aisha Kim,aisha.kim409@example.com,Nigeria,2026-07-03,212.32,paid,silver
ORD-10450,Diego Rossi,diego.rossi450@example.com,Canada,2025-04-17,374.71,paid,bronze
ORD-10458,Ivy Patel,ivy.patel458@example.com,Nigeria,2025-06-14,61.74,refunded,platinum
ORD-10051,Elena Garcia,unknown@unknown.com,Australia,2025-07-23,307.58,paid,platinum
ORD-10390,Farid Brown,farid.brown390@example.com,Australia,2025-10-17,171.46,pending,platinum
ORD-10714,Grace Okafor,grace.okafor714@example.com,Vietnam,2026-01-31,157.5,pending,silver
ORD-10455,Grace Rossi,grace.rossi455@example.com,Nigeria,2025-01-02,257.91,refunded,platinum
ORD-10675,Jon Kim,jon.kim675@example.com,India,2026-03-03,321.71,refunded,gold
ORD-10829,Jon Smith,jon.smith829@example.com,Brazil,2025-02-21,391.92,refunded,gold
ORD-10127,Jon Nguyen,jon.nguyen127@example.com,Unknown,2026-06-18,499.3,pending,bronze
ORD-10852,Ben Nguyen,unknown@unknown.com,Unknown,2026-03-04,391.77,pending,platinum
ORD-10141,Jon Silva,jon.silva141@example.com,India,2026-06-24,8.81,pending,gold
ORD-10028,Ivy Silva,ivy.silva28@example.com,India,2025-06-08,375.25,paid,gold
ORD-10684,Hiro Nguyen,hiro.nguyen684@example.com,Nigeria,2026-03-23,196.73,paid,silver
ORD-10223,Elena Khan,elena.khan223@example.com,Brazil,2025-04-20,426.27,pending,silver
ORD-10667,Aisha Rossi,aisha.rossi667@example.com,Canada,2025-02-05,371.82,paid,bronze
ORD-10409,Aisha Kim,aisha.kim409@example.com,Nigeria,2026-07-03,212.32,paid,gold
ORD-10435,Farid Smith,farid.smith435@example.com,Unknown,2025-12-27,439.35,pending,silver
ORD-10971,Grace Khan,grace.khan971@example.com,Brazil,2026-06-17,304.16,pending,platinum
ORD-10207,Aisha Patel,aisha.patel207@example.com,Brazil,2025-08-12,167.34,refunded,platinum
ORD-10926,Hiro Patel,hiro.patel926@example.com,India,2026-08-12,257.91,paid,platinum
ORD-10236,Hiro Nguyen,hiro.nguyen236@example.com,India,2025-10-21,496.46,pending,gold
ORD-10897,Farid Rossi,farid.rossi897@example.com,Australia,2025-07-30,41.5,paid,bronze
ORD-10914,Elena Garcia,elena.garcia914@example.com,Vietnam,2025-05-22,392.65,pending,silver
ORD-10071,Jon Khan,jon.khan71@example.com,Brazil,2026-01-24,246.34,pending,bronze
ORD-10357,Grace Silva,grace.silva357@example.com,Nigeria,2025-11-21,334.44,paid,platinum
ORD-10554,Elena Khan,elena.khan554@example.com,Vietnam,2025-01-17,492.28,paid,platinum
ORD-10851,Grace Nguyen,grace.nguyen851@example.com,India,2025-11-09,65.55,pending,platinum
ORD-10041,Grace Garcia,john@@example,Canada,2025-10-01,436.72,pending,bronze
ORD-10617,Farid Kim,farid.kim617@example.com,India,2025-05-25,159.13,pending,bronze
ORD-10547,Ben Nguyen,ben.nguyen547@example.com,Unknown,2025-08-02,183.66,refunded,platinum
ORD-10027,Chen Rossi,chen.rossi27@example.com,Brazil,2025-01-03,349.81,refunded,platinum
ORD-10827,Aisha Smith,unknown@unknown.com,Nigeria,2025-12-12,283.18,pending,platinum
ORD-10186,Hiro Garcia,hiro.garcia186@example.com,Australia,2025-10-20,228.76,refunded,silver
ORD-10895,Farid Khan,farid.khan895@example.com,India,2025-11-03,438.67,paid,bronze
ORD-10212,Diego Rossi,diego.rossi212@example.com,Canada,2026-05-29,261.75,refunded,silver
ORD-10152,Ben Khan,ben.khan152@example.com,Nigeria,2026-06-04,454.98,refunded,silver
ORD-10194,Ivy Smith,ivy.smith194@example.com,Nigeria,2026-05-30,331.07,refunded,silver
ORD-10157,Jon Patel,jon.patel157@example.com,Canada,2025-12-08,158.56,refunded,bronze
ORD-10591,Chen Okafor,chen.okafor591@example.com,India,2026-08-03,212.69,pending,platinum
ORD-10364,Ben Okafor,ben.okafor364@example.com,Canada,2025-06-24,172.29,refunded,bronze
ORD-10706,Jon Patel,jon.patel706@example.com,India,2026-03-07,122.76,paid,bronze
ORD-10206,Farid Okafor,farid.okafor206@example.com,India,2026-07-26,252.54,paid,bronze
ORD-10682,Jon Okafor,unknown@unknown.com,Canada,2026-06-03,390.59,pending,silver
ORD-10918,Elena Nguyen,elena.nguyen918@example.com,India,2026-05-27,344.45,pending,silver
ORD-10469,Farid Nguyen,farid.nguyen469@example.com,Australia,2025-08-13,120.84,refunded,bronze
ORD-10546,Diego Smith,diego.smith546@example.com,Unknown,2025-02-02,186.35,refunded,gold
ORD-10747,Hiro Silva,hiro.silva747@example.com,Brazil,2025-07-26,273.51,refunded,silver
ORD-10691,Ivy Nguyen,ivy.nguyen691@example.com,Vietnam,2026-02-21,325.58,paid,gold
ORD-10599,Elena Okafor,elena.okafor599@example.com,India,2026-06-24,59.1,refunded,platinum
ORD-10458,Ivy Patel,ivy.patel458@example.com,Nigeria,2025-06-14,61.74,refunded,bronze
ORD-10815,Chen Patel,chen.patel815@example.com,Australia,2025-01-15,108.57,refunded,bronze
ORD-10916,Diego Silva,diego.silva916@example.com,Brazil,2025-08-28,159.97,paid,bronze
ORD-10760,Ivy Silva,ivy.silva760@example.com,Australia,2026-03-14,219.29,refunded,gold
ORD-10331,Aisha Okafor,aisha.okafor331@example.com,Vietnam,2025-07-25,187.3,pending,silver
ORD-10231,Ben Brown,ben.brown231@example.com,Nigeria,2026-04-03,415.24,refunded,platinum
ORD-10009,Ivy Garcia,ivy.garcia9@example.com,Unknown,2025-11-29,137.53,paid,gold
ORD-10818,Diego Garcia,diego.garcia818@example.com,Vietnam,2025-10-29,317.05,refunded,silver
ORD-10837,Ivy Kim,ivy.kim837@example.com,Canada,2026-03-06,455.07,paid,bronze
ORD-10639,Ben Patel,ben.patel639@example.com,Nigeria,2026-06-24,126.39,refunded,bronze
ORD-10977,Chen Brown,chen.brown977@example.com,Brazil,2026-08-09,417.02,refunded,gold
ORD-10301,Farid Brown,farid.brown301@example.com,Canada,2025-10-15,288.5,refunded,platinum
ORD-10412,Hiro Okafor,hiro.okafor412@example.com,Canada,2025-08-29,418.44,refunded,gold
ORD-10022,Ivy Patel,ivy.patel22@example.com,Brazil,2026-08-08,51.69,refunded,silver
ORD-10967,Ben Silva,ben.silva967@example.com,India,2026-04-08,405.54,paid,platinum
ORD-10541,Hiro Garcia,hiro.garcia541@example.com,Vietnam,2026-08-04,257.91,refunded,silver
ORD-10465,Ivy Garcia,ivy.garcia465@example.com,Australia,2025-09-27,407.26,refunded,silver
ORD-10590,Hiro Okafor,hiro.okafor590@example.com,Nigeria,2025-03-29,277.42,paid,platinum
ORD-10979,Ben Smith,ben.smith979@example.com,Vietnam,2026-03-22,114.09,pending,bronze
ORD-10725,Ivy Okafor,ivy.okafor725@example.com,Canada,2025-11-20,269.54,pending,bronze
ORD-10339,Diego Silva,diego.silva339@example.com,Australia,2025-12-11,404.76,pending,silver
ORD-10667,Aisha Rossi,aisha.rossi667@example.com,Canada,2025-02-05,371.82,paid,platinum
ORD-10809,Elena Garcia,elena.garcia809@example.com,Nigeria,2026-06-20,459.06,refunded,platinum
ORD-10463,Diego Rossi,diego.rossi463@example.com,Canada,2025-10-11,234.11,pending,bronze
ORD-10477,Chen Brown,unknown@unknown.com,Canada,2026-02-20,112.21,refunded,gold
ORD-10284,Ben Patel,ben.patel284@example.com,Brazil,2025-12-23,177.41,paid,silver
ORD-10442,Ivy Kim,ivy.kim442@example.com,Vietnam,2025-05-14,257.91,paid,platinum
ORD-10701,Chen Silva,chen.silva701@example.com,Canada,2025-06-04,211.19,refunded,gold
ORD-10075,Grace Brown,unknown@unknown.com,Brazil,2025-12-05,129.44,paid,silver
ORD-10196,Elena Garcia,elena.garcia196@example.com,Canada,2026-08-09,445.05,refunded,platinum
ORD-10924,Aisha Patel,aisha.patel924@example.com,India,2025-01-12,270.54,pending,gold
ORD-10776,Elena Garcia,elena.garcia776@example.com,Vietnam,2025-06-14,140.65,paid,platinum
ORD-10928,Ben Kim,ben.kim928@example.com,Canada,2026-04-13,257.91,paid,gold
ORD-10090,Farid Rossi,farid.rossi90@example.com,Australia,2025-12-08,208.76,pending,platinum
ORD-10526,Grace Garcia,grace.garcia526@example.com,Brazil,2025-06-17,44.21,refunded,silver
ORD-10163,Hiro Garcia,hiro.garcia163@example.com,Brazil,2026-07-01,340.76,refunded,bronze
ORD-10992,Aisha Okafor,aisha.okafor992@example.com,India,2026-08-13,341.33,paid,gold
ORD-10116,Farid Kim,farid.kim116@example.com,Canada,2026-08-22,339.04,pending,bronze
ORD-10860,Elena Smith,elena.smith860@example.com,Brazil,2025-06-07,309.17,pending,silver
ORD-10095,Hiro Smith,hiro.smith95@example.com,Canada,2025-06-07,210.67,pending,platinum
ORD-10579,Hiro Kim,hiro.kim579@example.com,India,2025-06-05,382.41,refunded,silver
ORD-10078,Ivy Patel,ivy.patel78@example.com,Australia,2025-08-10,320.75,pending,gold
ORD-10069,Hiro Patel,hiro.patel69@example.com,Nigeria,2026-03-22,235.11,refunded,silver
ORD-10650,Farid Rossi,farid.rossi650@example.com,Vietnam,2025-10-07,328.9,pending,silver
ORD-10589,Jon Garcia,jon.garcia589@example.com,Vietnam,2026-04-11,50.14,refunded,silver
ORD-10290,Farid Khan,farid.khan290@example.com,Australia,2026-02-02,423.53,refunded,gold
ORD-10504,Elena Rossi,elena.rossi504@example.com,Nigeria,2025-08-16,470.13,paid,gold
ORD-10957,Aisha Nguyen,aisha.nguyen957@example.com,Brazil,2026-05-28,485.39,pending,bronze
ORD-10335,Grace Okafor,grace.okafor335@example.com,Australia,2026-04-15,42.04,refunded,platinum
ORD-10517,Aisha Patel,aisha.patel517@example.com,Canada,2025-08-29,87.62,paid,silver
ORD-10033,Elena Patel,elena.patel33@example.com,India,2025-12-24,83.08,refunded,silver
ORD-10448,Elena Nguyen,elena.nguyen448@example.com,Nigeria,2026-06-14,26.71,refunded,platinum
ORD-10580,Jon Kim,jon.kim580@example.com,India,2026-08-04,182.83,refunded,platinum
ORD-10017,Diego Nguyen,diego.nguyen17@example.com,Canada,2025-09-04,489.1,refunded,bronze
ORD-10867,Elena Khan,elena.khan867@example.com,Canada,2025-09-14,27.51,refunded,silver
ORD-10525,Elena Khan,elena.khan525@example.com,Vietnam,2025-08-25,441.67,pending,platinum
ORD-10062,Diego Silva,diego.silva62@example.com,Brazil,2025-12-01,129.87,paid,bronze
ORD-10542,Ivy Patel,ivy.patel542@example.com,Vietnam,2025-03-12,229.77,refunded,silver
ORD-10050,Diego Brown,unknown@unknown.com,Australia,2026-04-30,51.23,paid,bronze
ORD-10834,Grace Garcia,grace.garcia834@example.com,Brazil,2025-05-22,472.15,pending,silver
ORD-10929,Grace Garcia,grace.garcia929@example.com,Brazil,2025-07-03,199.81,paid,platinum
ORD-10864,Diego Nguyen,diego.nguyen864@example.com,Nigeria,2025-10-03,286.28,pending,bronze
ORD-10421,Diego Silva,diego.silva421@example.com,Nigeria,2025-12-21,323.48,paid,bronze
ORD-10658,Hiro Smith,hiro.smith658@example.com,Nigeria,2025-05-28,359.12,paid,silver
ORD-10123,Ben Brown,ben.brown123@example.com,India,2025-01-08,395.38,refunded,platinum
ORD-10024,Farid Smith,farid.smith24@example.com,Nigeria,2025-12-09,213.83,pending,gold
ORD-10619,Grace Rossi,grace.rossi619@example.com,Vietnam,2025-07-03,409.63,refunded,bronze
ORD-10262,Jon Silva,jon.silva262@example.com,Australia,2025-10-05,93.78,pending,bronze
ORD-10266,Aisha Kim,aisha.kim266@example.com,Vietnam,2026-04-07,96.94,refunded,silver
ORD-10721,Hiro Smith,hiro.smith721@example.com,Brazil,2026-01-06,487.26,paid,gold
ORD-10694,Farid Brown,farid.brown694@example.com,Vietnam,2025-02-03,312.13,pending,silver
ORD-10204,Farid Rossi,farid.rossi204@example.com,Australia,2026-01-10,278.85,paid,silver
ORD-10902,Chen Brown,chen.brown902@example.com,India,2026-03-21,99.88,pending,platinum
ORD-10371,Diego Kim,diego.kim371@example.com,Unknown,2026-08-01,335.73,refunded,bronze
ORD-10472,Jon Smith,jon.smith472@example.com,India,2026-06-14,257.91,pending,gold
ORD-10234,Jon Nguyen,jon.nguyen234@example.com,Vietnam,2026-07-27,257.91,paid,platinum
ORD-10480,Ben Nguyen,ben.nguyen480@example.com,India,2025-07-27,240.56,refunded,gold
ORD-10329,Elena Smith,elena.smith329@example.com,Unknown,2026-09-08,115.48,refunded,gold
ORD-10189,Farid Brown,farid.brown189@example.com,Nigeria,2026-08-10,37.55,pending,platinum
ORD-10220,Aisha Brown,aisha.brown220@example.com,Brazil,2025-11-06,379.18,pending,silver
ORD-10766,Hiro Silva,hiro.silva766@example.com,Canada,2026-07-28,83.88,paid,bronze
ORD-10457,Jon Rossi,jon.rossi457@example.com,India,2026-05-07,209.26,refunded,bronze
ORD-10370,Chen Okafor,chen.okafor370@example.com,Brazil,2026-01-26,222.67,pending,bronze
ORD-10322,Jon Smith,jon.smith322@example.com,India,2025-11-14,47.68,pending,gold
ORD-10858,Jon Okafor,jon.okafor858@example.com,Australia,2026-02-16,94.35,paid,bronze
ORD-10729,Ivy Okafor,ivy.okafor729@example.com,Canada,2025-06-26,68.71,refunded,gold
ORD-10717,Farid Smith,farid.smith717@example.com,Brazil,2026-01-20,91.57,pending,platinum
ORD-10070,Jon Kim,jon.kim70@example.com,Australia,2025-11-27,257.91,pending,bronze
ORD-10581,Hiro Patel,hiro.patel581@example.com,Canada,2026-05-30,426.8,pending,silver
ORD-10023,Grace Okafor,grace.okafor23@example.com,Canada,2026-03-10,35.0,refunded,platinum
ORD-10707,Farid Khan,farid.khan707@example.com,Vietnam,2025-10-05,283.43,paid,gold
ORD-10299,Hiro Kim,hiro.kim299@example.com,Australia,2025-12-23,406.3,refunded,gold
ORD-10943,Hiro Smith,hiro.smith943@example.com,Unknown,2026-07-04,340.56,refunded,platinum
ORD-10571,Grace Garcia,grace.garcia571@example.com,Vietnam,2026-01-25,97.28,refunded,bronze
ORD-10267,Grace Smith,grace.smith267@example.com,Australia,2025-10-30,81.34,refunded,bronze
ORD-10677,Ben Kim,ben.kim677@example.com,Nigeria,2025-12-23,63.17,refunded,platinum
ORD-10624,Ben Kim,ben.kim624@example.com,Nigeria,2026-06-30,312.33,refunded,silver
ORD-10560,Farid Brown,farid.brown560@example.com,Canada,2025-08-15,377.66,refunded,gold
ORD-10587,Jon Nguyen,jon.nguyen587@example.com,Canada,2026-06-14,362.71,paid,platinum
ORD-10336,Aisha Rossi,aisha.rossi336@example.com,Vietnam,2025-05-14,351.86,refunded,silver
ORD-10252,Elena Brown,elena.brown252@example.com,India,2026-08-22,118.86,refunded,gold
ORD-10820,Jon Silva,jon.silva820@example.com,Australia,2025-08-26,278.86,pending,gold
ORD-10091,Elena Rossi,elena.rossi91@example.com,Australia,2026-07-18,165.02,pending,platinum
ORD-10576,Farid Silva,unknown@unknown.com,Canada,2026-10-07,431.98,pending,bronze
ORD-10857,Ben Brown,ben.brown857@example.com,India,2025-07-04,46.9,refunded,platinum
ORD-10588,Chen Khan,chen.khan588@example.com,Brazil,2026-07-14,17.33,pending,silver
ORD-10995,Grace Smith,grace.smith995@example.com,Canada,2026-04-20,10.74,paid,platinum
ORD-10867,Elena Khan,elena.khan867@example.com,Canada,2025-09-14,27.51,refunded,bronze
ORD-10155,Chen Okafor,chen.okafor155@example.com,Brazil,2026-01-17,395.67,refunded,platinum
ORD-10156,Farid Smith,farid.smith156@example.com,Unknown,2025-12-04,129.74,refunded,bronze
ORD-10424,Hiro Smith,hiro.smith424@example.com,Australia,2026-05-26,55.81,pending,platinum
ORD-10751,Ivy Nguyen,ivy.nguyen751@example.com,Nigeria,2026-02-05,384.4,pending,bronze
ORD-10794,Jon Kim,unknown@unknown.com,India,2026-06-14,383.02,paid,bronze
ORD-10333,Aisha Okafor,aisha.okafor333@example.com,Canada,2025-01-02,106.57,paid,gold
ORD-10076,Diego Okafor,diego.okafor76@example.com,India,2025-05-03,363.67,refunded,silver
ORD-10768,Farid Khan,farid.khan768@example.com,Brazil,2025-11-02,201.46,refunded,bronze
ORD-10138,Grace Rossi,grace.rossi138@example.com,Vietnam,2026-04-10,389.53,refunded,gold
ORD-10909,Elena Silva,elena.silva909@example.com,Nigeria,2026-06-16,258.57,pending,gold
ORD-10114,Hiro Kim,hiro.kim114@example.com,Australia,2025-12-13,430.77,refunded,gold
ORD-10292,Chen Brown,chen.brown292@example.com,India,2026-02-02,257.91,refunded,gold
ORD-10449,Diego Okafor,diego.okafor449@example.com,Australia,2026-06-11,315.33,paid,bronze
ORD-10379,Chen Khan,unknown@unknown.com,Unknown,2026-02-16,374.15,pending,gold
ORD-10283,Ivy Patel,ivy.patel283@example.com,Australia,2025-12-20,460.67,paid,gold
ORD-10960,Grace Rossi,grace.rossi960@example.com,Australia,2025-09-10,350.25,refunded,gold
ORD-10655,Jon Patel,jon.patel655@example.com,Vietnam,2025-04-24,321.2,pending,bronze
ORD-10058,Grace Rossi,grace.rossi58@example.com,Nigeria,2026-08-22,7.92,pending,bronze
ORD-10104,Ben Smith,ben.smith104@example.com,Vietnam,2026-03-31,165.57,paid,bronze
ORD-10061,Aisha Smith,aisha.smith61@example.com,Unknown,2026-03-15,133.78,pending,silver
ORD-10385,Farid Silva,farid.silva385@example.com,Brazil,2026-04-02,85.94,pending,bronze
ORD-10601,Farid Patel,farid.patel601@example.com,Canada,2026-07-31,404.95,refunded,platinum
ORD-10622,Farid Okafor,farid.okafor622@example.com,Australia,2026-04-10,178.96,pending,platinum
ORD-10287,Grace Patel,grace.patel287@example.com,Australia,2025-07-10,257.91,pending,platinum
ORD-10256,Diego Brown,diego.brown256@example.com,Nigeria,2026-04-12,12.79,refunded,gold
ORD-10499,Elena Garcia,elena.garcia499@example.com,Canada,2025-10-22,279.5,paid,platinum
ORD-10724,Ivy Smith,ivy.smith724@example.com,Canada,2026-06-11,301.39,paid,platinum
ORD-10705,Diego Silva,diego.silva705@example.com,Australia,2026-01-16,145.77,paid,silver
ORD-10400,Diego Patel,diego.patel400@example.com,Australia,2026-08-14,318.58,pending,platinum
ORD-10676,Hiro Rossi,hiro.rossi676@example.com,Canada,2025-02-09,360.01,refunded,silver
ORD-10800,Ben Rossi,ben.rossi800@example.com,Vietnam,2026-01-18,45.13,refunded,bronze
ORD-10048,Chen Garcia,chen.garcia48@example.com,Canada,2026-03-07,206.01,paid,gold
ORD-10973,Farid Smith,farid.smith973@example.com,Canada,2025-04-01,17.71,paid,silver
ORD-10608,Farid Smith,farid.smith608@example.com,Australia,2025-06-02,315.12,paid,silver
ORD-10739,Ben Rossi,ben.rossi739@example.com,Canada,2025-10-18,116.81,pending,gold
ORD-10492,Aisha Garcia,aisha.garcia492@example.com,Australia,2026-06-15,338.64,pending,gold
ORD-10741,Hiro Smith,hiro.smith741@example.com,Canada,2026-02-10,75.97,pending,platinum
ORD-10861,Chen Nguyen,chen.nguyen861@example.com,Australia,2025-01-03,209.35,pending,gold
ORD-10165,Chen Kim,chen.kim165@example.com,Vietnam,2025-02-23,146.11,paid,bronze
ORD-10249,Ben Silva,ben.silva249@example.com,India,2025-09-06,193.43,refunded,silver
ORD-10077,Jon Kim,jon.kim77@example.com,Unknown,2025-04-13,154.62,refunded,platinum
ORD-10110,Grace Kim,grace.kim110@example.com,Nigeria,2025-01-09,388.99,paid,silver
ORD-10878,Ben Patel,ben.patel878@example.com,Nigeria,2025-09-23,424.6,paid,silver
ORD-10983,Farid Rossi,farid.rossi983@example.com,Australia,2026-08-14,490.03,pending,platinum
ORD-10986,Ivy Smith,ivy.smith986@example.com,India,2025-10-08,353.55,pending,bronze
ORD-10633,Grace Okafor,grace.okafor633@example.com,Brazil,2026-01-27,240.06,paid,bronze
ORD-10221,Farid Kim,farid.kim221@example.com,Nigeria,2025-03-02,457.05,paid,platinum
ORD-10817,Ben Patel,ben.patel817@example.com,Brazil,2025-06-06,430.6,refunded,gold
ORD-10817,Ben Patel,ben.patel817@example.com,Brazil,2025-06-06,430.6,refunded,silver
ORD-10757,Ben Garcia,ben.garcia757@example.com,Canada,2025-11-12,309.34,pending,platinum
ORD-10574,Elena Nguyen,elena.nguyen574@example.com,Australia,2025-09-21,80.1,pending,bronze
ORD-10572,Hiro Brown,hiro.brown572@example.com,Nigeria,2025-01-23,247.52,refunded,bronze
ORD-10921,Diego Silva,diego.silva921@example.com,Brazil,2025-04-22,89.85,refunded,gold
ORD-10392,Grace Okafor,grace.okafor392@example.com,Brazil,2025-05-24,453.92,pending,bronze
ORD-10810,Ben Brown,unknown@unknown.com,Brazil,2026-03-12,131.16,paid,silver
ORD-10438,Ben Khan,ben.khan438@example.com,Canada,2026-07-30,257.91,refunded,bronze
ORD-10330,Aisha Rossi,unknown@unknown.com,Vietnam,2025-03-12,47.76,pending,platinum
ORD-10025,Hiro Garcia,hiro.garcia25@example.com,Nigeria,2025-03-19,327.81,refunded,platinum
ORD-10383,Grace Patel,grace.patel383@example.com,India,2026-06-21,257.91,pending,platinum
ORD-10853,Jon Patel,jon.patel853@example.com,Brazil,2025-05-22,433.84,pending,silver
ORD-10302,Ben Patel,ben.patel302@example.com,Canada,2026-02-26,128.59,refunded,silver
ORD-10263,Aisha Garcia,aisha.garcia263@example.com,Australia,2025-05-28,284.16,refunded,silver
ORD-10678,Ben Khan,ben.khan678@example.com,Canada,2026-01-06,31.27,paid,platinum
ORD-10214,Elena Khan,elena.khan214@example.com,India,2026-05-11,116.31,pending,silver
ORD-10208,Farid Patel,farid.patel208@example.com,Vietnam,2026-02-07,240.07,paid,bronze
ORD-10722,Farid Brown,farid.brown722@example.com,Vietnam,2026-08-13,77.34,pending,gold
ORD-10839,Grace Garcia,grace.garcia839@example.com,Nigeria,2025-11-05,363.92,refunded,gold
ORD-10281,Farid Patel,farid.patel281@example.com,Vietnam,2025-02-15,10.22,pending,gold
ORD-10786,Diego Khan,diego.khan786@example.com,Canada,2025-08-09,94.28,paid,gold
ORD-10069,Hiro Patel,hiro.patel69@example.com,Nigeria,2026-03-22,235.11,refunded,gold
ORD-10144,Aisha Rossi,aisha.rossi144@example.com,Australia,2025-01-20,288.83,refunded,gold
ORD-10825,Chen Khan,chen.khan825@example.com,Brazil,2026-05-19,121.19,refunded,silver
ORD-10662,Hiro Smith,hiro.smith662@example.com,Canada,2026-08-04,32.32,refunded,platinum
ORD-10900,Chen Garcia,chen.garcia900@example.com,Vietnam,2025-01-23,416.57,paid,silver
ORD-10419,Farid Khan,farid.khan419@example.com,Brazil,2025-01-30,223.14,paid,silver
ORD-10057,Grace Patel,grace.patel57@example.com,Brazil,2025-08-08,210.81,paid,silver
ORD-10414,Elena Kim,elena.kim414@example.com,India,2026-04-21,183.31,refunded,silver
ORD-10891,Jon Silva,jon.silva891@example.com,Australia,2025-10-07,159.28,pending,silver
ORD-10006,Jon Okafor,jon.okafor6@example.com,Australia,2026-08-15,387.67,paid,gold
ORD-10428,Ben Nguyen,ben.nguyen428@example.com,Canada,2025-06-18,257.91,paid,silver
ORD-10781,Chen Kim,chen.kim781@example.com,Vietnam,2025-06-27,210.18,paid,gold
ORD-10234,Jon Nguyen,jon.nguyen234@example.com,Vietnam,2026-07-27,257.91,paid,bronze
ORD-10577,Ivy Patel,ivy.patel577@example.com,Nigeria,2026-03-17,38.57,refunded,platinum
ORD-10436,Aisha Brown,aisha.brown436@example.com,India,2025-04-20,103.95,paid,gold
ORD-10316,Elena Garcia,elena.garcia316@example.com,Brazil,2026-06-15,392.98,paid,silver
ORD-10461,Ben Kim,ben.kim461@example.com,Brazil,2025-03-13,310.09,pending,silver
ORD-10323,Ben Silva,ben.silva323@example.com,Canada,2025-02-26,11.27,paid,bronze
ORD-10764,Elena Rossi,elena.rossi764@example.com,Australia,2026-02-25,137.13,pending,platinum
ORD-10850,Farid Kim,farid.kim850@example.com,Brazil,2026-01-19,75.36,refunded,bronze
ORD-10363,Jon Garcia,jon.garcia363@example.com,Australia,2025-06-16,162.76,paid,bronze
ORD-10745,Diego Patel,diego.patel745@example.com,Australia,2025-01-31,340.66,paid,bronze
ORD-10342,Chen Smith,chen.smith342@example.com,India,2025-01-13,412.72,pending,platinum
ORD-10314,Hiro Garcia,hiro.garcia314@example.com,Australia,2025-03-30,481.81,pending,silver
ORD-10149,Ben Patel,ben.patel149@example.com,Nigeria,2026-05-21,432.8,refunded,platinum
ORD-10380,Farid Nguyen,farid.nguyen380@example.com,Vietnam,2025-12-12,486.39,paid,gold
ORD-10311,Farid Smith,farid.smith311@example.com,Australia,2026-03-09,49.22,paid,bronze
ORD-10855,Elena Smith,elena.smith855@example.com,Canada,2025-06-19,323.74,paid,gold
ORD-10877,Grace Smith,grace.smith877@example.com,Nigeria,2025-12-10,37.35,paid,silver
ORD-10942,Diego Smith,diego.smith942@example.com,Australia,2025-10-13,154.26,refunded,bronze
ORD-10270,Ivy Smith,ivy.smith270@example.com,Vietnam,2025-11-29,390.69,refunded,bronze
ORD-10235,Diego Khan,diego.khan235@example.com,Unknown,2025-03-16,467.62,paid,silver
ORD-10276,Farid Kim,farid.kim276@example.com,Brazil,2026-05-18,185.68,refunded,silver
ORD-10744,Jon Rossi,jon.rossi744@example.com,Brazil,2026-05-12,129.09,pending,bronze
ORD-10799,Chen Rossi,chen.rossi799@example.com,Brazil,2025-03-20,17.85,refunded,gold
ORD-10427,Hiro Smith,hiro.smith427@example.com,Vietnam,2025-04-10,276.11,pending,silver
ORD-10808,Ivy Smith,ivy.smith808@example.com,Australia,2025-10-25,78.56,paid,platinum
ORD-10610,Grace Smith,grace.smith610@example.com,Brazil,2026-05-24,264.92,paid,gold
ORD-10670,Ben Smith,ben.smith670@example.com,Nigeria,2025-04-27,403.2,pending,bronze
ORD-10486,Jon Kim,jon.kim486@example.com,Vietnam,2025-09-25,378.71,pending,bronze
ORD-10529,Diego Okafor,diego.okafor529@example.com,Nigeria,2025-01-20,486.3,pending,gold
ORD-10334,Grace Silva,grace.silva334@example.com,Vietnam,2025-03-03,461.03,refunded,silver
ORD-10932,Ivy Nguyen,ivy.nguyen932@example.com,Canada,2026-04-19,175.11,pending,bronze
ORD-10679,Chen Silva,chen.silva679@example.com,Canada,2026-05-25,324.21,pending,gold
ORD-10938,Aisha Rossi,aisha.rossi938@example.com,India,2025-07-26,12.94,paid,gold
ORD-10162,Jon Patel,jon.patel162@example.com,Vietnam,2026-03-25,307.24,refunded,silver
ORD-10873,Hiro Smith,hiro.smith873@example.com,Nigeria,2025-12-28,92.71,refunded,bronze
ORD-10176,Hiro Nguyen,hiro.nguyen176@example.com,India,2025-10-28,467.02,refunded,silver
ORD-10805,Grace Kim,grace.kim805@example.com,Australia,2025-05-15,247.36,pending,gold
ORD-10406,Jon Brown,jon.brown406@example.com,Canada,2025-06-23,438.89,pending,bronze
ORD-10944,Chen Okafor,chen.okafor944@example.com,Canada,2025-06-29,170.88,refunded,silver
ORD-10197,Elena Kim,elena.kim197@example.com,Canada,2026-05-10,229.5,refunded,bronze
ORD-10161,Ivy Nguyen,unknown@unknown.com,Brazil,2025-11-12,94.52,refunded,gold
ORD-10332,Diego Brown,diego.brown332@example.com,Brazil,2025-09-09,257.91,refunded,platinum
ORD-10159,Ivy Smith,ivy.smith159@example.com,Vietnam,2026-10-03,475.83,pending,gold
ORD-10689,Chen Khan,chen.khan689@example.com,Australia,2025-01-06,368.07,refunded,silver
ORD-10585,Hiro Nguyen,unknown@unknown.com,Canada,2025-09-09,260.48,refunded,gold
ORD-10216,Ivy Rossi,ivy.rossi216@example.com,India,2026-02-09,147.38,refunded,bronze
ORD-10625,Chen Silva,unknown@unknown.com,Unknown,2026-01-29,257.91,pending,silver
ORD-10308,Diego Patel,diego.patel308@example.com,Vietnam,2025-11-06,128.94,pending,bronze
ORD-10702,Ivy Patel,ivy.patel702@example.com,Brazil,2026-05-01,98.59,paid,platinum
ORD-10106,Jon Rossi,jon.rossi106@example.com,Nigeria,2025-04-09,233.27,pending,platinum
ORD-10484,Elena Khan,elena.khan484@example.com,India,2026-07-11,291.1,paid,bronze
ORD-10544,Ivy Rossi,ivy.rossi544@example.com,Nigeria,2025-07-14,164.69,refunded,platinum
ORD-10785,Ben Garcia,ben.garcia785@example.com,Vietnam,2025-07-28,194.13,pending,bronze
ORD-10328,Chen Patel,chen.patel328@example.com,Vietnam,2025-02-06,458.35,pending,platinum
ORD-10313,Aisha Khan,aisha.khan313@example.com,Canada,2025-06-18,460.35,refunded,silver
ORD-10514,Hiro Smith,hiro.smith514@example.com,Canada,2026-01-26,322.09,pending,bronze
ORD-10315,Chen Garcia,chen.garcia315@example.com,Nigeria,2025-10-11,424.71,refunded,silver
ORD-10219,Diego Garcia,diego.garcia219@example.com,Vietnam,2025-02-23,342.19,paid,platinum
ORD-10238,Grace Brown,grace.brown238@example.com,Australia,2025-05-11,234.19,refunded,gold
ORD-10782,Grace Rossi,grace.rossi782@example.com,Australia,2026-08-08,487.19,paid,platinum
ORD-10112,Aisha Kim,aisha.kim112@example.com,Vietnam,2026-03-28,455.27,pending,gold
ORD-10798,Elena Patel,unknown@unknown.com,Canada,2025-06-22,265.38,refunded,gold
ORD-10199,Farid Okafor,farid.okafor199@example.com,Vietnam,2026-02-13,124.66,paid,platinum
ORD-10188,Chen Okafor,chen.okafor188@example.com,India,2026-05-06,396.23,paid,bronze
ORD-10843,Aisha Silva,aisha.silva843@example.com,Canada,2025-12-14,153.1,refunded,gold
ORD-10552,Ivy Okafor,ivy.okafor552@example.com,Canada,2026-01-16,306.16,refunded,gold
ORD-10704,Ivy Brown,ivy.brown704@example.com,Nigeria,2026-04-01,90.01,pending,platinum
ORD-10468,Diego Khan,diego.khan468@example.com,India,2025-06-19,369.28,pending,platinum
ORD-10883,Ben Nguyen,ben.nguyen883@example.com,Australia,2026-05-07,127.34,pending,silver
ORD-10948,Chen Kim,chen.kim948@example.com,Brazil,2025-11-22,118.36,refunded,platinum
ORD-10097,Farid Brown,farid.brown97@example.com,Canada,2025-10-01,433.3,pending,platinum
ORD-10312,Ben Okafor,ben.okafor312@example.com,Brazil,2026-12-01,38.86,refunded,silver
ORD-10690,Aisha Rossi,aisha.rossi690@example.com,Canada,2026-06-28,250.17,paid,bronze
ORD-10443,Aisha Patel,aisha.patel443@example.com,Canada,2025-11-27,257.91,refunded,platinum
ORD-10779,Hiro Patel,hiro.patel779@example.com,Canada,2025-01-04,290.03,paid,silver
ORD-10068,Farid Smith,unknown@unknown.com,Brazil,2026-06-03,219.59,pending,platinum
ORD-10184,Farid Silva,farid.silva184@example.com,Vietnam,2025-03-20,326.53,paid,bronze
ORD-10168,Diego Nguyen,diego.nguyen168@example.com,Canada,2025-11-23,257.91,pending,bronze
ORD-10508,Farid Rossi,farid.rossi508@example.com,Nigeria,2025-10-14,408.02,refunded,platinum
ORD-10482,Grace Brown,grace.brown482@example.com,Australia,2026-07-03,469.52,pending,gold
ORD-10522,Jon Rossi,unknown@unknown.com,Vietnam,2026-06-21,403.33,pending,platinum
ORD-10915,Grace Khan,grace.khan915@example.com,Nigeria,2025-01-13,117.65,refunded,silver
ORD-10327,Jon Smith,jon.smith327@example.com,Australia,2025-08-22,238.52,pending,silver
ORD-10007,Diego Smith,diego.smith7@example.com,Canada,2026-01-25,188.24,paid,bronze
ORD-10566,Diego Okafor,diego.okafor566@example.com,Canada,2025-09-06,474.73,paid,bronze
ORD-10187,Hiro Smith,hiro.smith187@example.com,Australia,2025-11-24,426.42,refunded,silver
ORD-10969,Ben Kim,ben.kim969@example.com,Nigeria,2025-03-07,245.17,paid,platinum
ORD-10775,Ben Brown,ben.brown775@example.com,Australia,2025-08-31,153.94,paid,bronze
ORD-10451,Aisha Silva,john@@example,Australia,2025-06-12,398.14,refunded,silver
ORD-10641,Hiro Khan,hiro.khan641@example.com,Vietnam,2025-06-12,257.91,refunded,silver
ORD-10317,Hiro Rossi,hiro.rossi317@example.com,Canada,2025-04-26,257.91,pending,gold
ORD-10516,Farid Kim,farid.kim516@example.com,Brazil,2025-10-01,209.92,paid,gold
ORD-10575,Chen Smith,chen.smith575@example.com,India,2026-01-27,485.42,refunded,silver
ORD-10695,Aisha Brown,aisha.brown695@example.com,Brazil,2026-01-08,311.47,pending,silver
ORD-10282,Diego Brown,diego.brown282@example.com,Vietnam,2026-06-16,387.31,refunded,bronze
ORD-10350,Aisha Kim,aisha.kim350@example.com,Vietnam,2025-01-03,54.57,refunded,bronze
ORD-10255,Aisha Nguyen,aisha.nguyen255@example.com,Canada,2026-02-27,355.05,paid,platinum
ORD-10545,Farid Smith,farid.smith545@example.com,India,2025-04-09,105.03,pending,platinum
ORD-10889,Aisha Silva,aisha.silva889@example.com,India,2026-06-14,11.08,refunded,silver
ORD-10271,Ivy Garcia,ivy.garcia271@example.com,Brazil,2026-09-08,138.11,pending,gold
ORD-10307,Aisha Nguyen,aisha.nguyen307@example.com,Australia,2025-04-12,230.98,pending,silver
ORD-10661,Hiro Silva,hiro.silva661@example.com,Canada,2026-03-23,6.64,refunded,bronze
ORD-10188,Chen Okafor,chen.okafor188@example.com,India,2026-05-06,396.23,paid,platinum
ORD-10291,Chen Kim,chen.kim291@example.com,Australia,2025-03-28,62.89,pending,gold
ORD-10527,Diego Brown,diego.brown527@example.com,Canada,2025-10-06,98.06,paid,bronze
ORD-10495,Diego Khan,diego.khan495@example.com,Brazil,2025-07-19,91.64,refunded,platinum
ORD-10337,Farid Okafor,farid.okafor337@example.com,Australia,2026-09-04,391.07,refunded,silver
ORD-10181,Grace Patel,grace.patel181@example.com,Australia,2026-03-31,140.9,paid,silver
ORD-10647,Diego Khan,diego.khan647@example.com,Vietnam,2025-12-20,87.96,pending,platinum
ORD-10505,Ivy Okafor,ivy.okafor505@example.com,Australia,2026-02-08,346.16,paid,silver
ORD-10616,Chen Patel,chen.patel616@example.com,Nigeria,2025-08-10,273.55,refunded,silver
ORD-10417,Ben Rossi,ben.rossi417@example.com,Brazil,2026-02-14,326.18,paid,silver
ORD-10773,Elena Patel,elena.patel773@example.com,Vietnam,2026-01-07,257.91,refunded,bronze
ORD-10258,Grace Patel,grace.patel258@example.com,India,2025-04-20,311.79,pending,platinum
ORD-10001,Ben Nguyen,ben.nguyen1@example.com,India,2025-10-09,297.29,paid,silver
ORD-10774,Aisha Nguyen,aisha.nguyen774@example.com,Brazil,2025-09-03,452.06,refunded,gold
ORD-10630,Diego Garcia,diego.garcia630@example.com,Canada,2025-11-21,360.31,pending,bronze
ORD-10651,Hiro Garcia,hiro.garcia651@example.com,Canada,2025-07-19,276.07,refunded,silver
ORD-10826,Aisha Nguyen,aisha.nguyen826@example.com,Canada,2026-03-01,414.83,refunded,silver
ORD-10604,Elena Kim,elena.kim604@example.com,Nigeria,2025-03-11,61.35,pending,silver
ORD-10200,Elena Silva,elena.silva200@example.com,Australia,2025-09-11,432.76,pending,bronze
ORD-10659,Aisha Smith,aisha.smith659@example.com,Brazil,2025-03-14,78.68,refunded,bronze
ORD-10797,Ivy Silva,ivy.silva797@example.com,Canada,2026-04-14,178.05,paid,gold
ORD-10454,Farid Brown,farid.brown454@example.com,Canada,2025-04-19,144.35,pending,bronze
ORD-10908,Grace Rossi,grace.rossi908@example.com,Vietnam,2026-08-09,71.49,paid,platinum
ORD-10738,Ben Silva,ben.silva738@example.com,Vietnam,2025-04-23,45.71,pending,platinum
ORD-10229,Elena Okafor,elena.okafor229@example.com,India,2025-08-15,230.21,refunded,gold
ORD-10881,Ivy Silva,ivy.silva881@example.com,India,2025-11-20,440.65,paid,platinum
ORD-10020,Farid Nguyen,farid.nguyen20@example.com,India,2026-07-22,355.38,paid,gold
ORD-10615,Diego Okafor,diego.okafor615@example.com,Vietnam,2025-07-25,337.21,pending,silver
ORD-10998,Farid Smith,farid.smith998@example.com,Canada,2026-07-05,280.25,refunded,platinum
ORD-10441,Elena Silva,elena.silva441@example.com,India,2025-07-01,25.11,pending,platinum
ORD-10205,Grace Brown,grace.brown205@example.com,Unknown,2026-07-04,487.67,pending,gold
ORD-10405,Farid Garcia,farid.garcia405@example.com,India,2025-06-18,109.54,paid,platinum
ORD-10975,Farid Nguyen,farid.nguyen975@example.com,Canada,2026-01-04,120.61,pending,platinum
ORD-10171,Grace Khan,grace.khan171@example.com,Brazil,2026-04-14,360.68,pending,silver
ORD-10906,Farid Okafor,farid.okafor906@example.com,Brazil,2026-06-23,292.69,refunded,bronze
ORD-10239,Ivy Rossi,ivy.rossi239@example.com,India,2026-06-29,176.35,pending,bronze
ORD-10980,Hiro Smith,unknown@unknown.com,Canada,2025-05-20,466.23,refunded,platinum
ORD-10403,Elena Patel,elena.patel403@example.com,Nigeria,2025-04-16,37.32,paid,platinum
ORD-10150,Farid Patel,john@@example,Brazil,2026-03-27,297.75,pending,silver
ORD-10654,Diego Khan,diego.khan654@example.com,Nigeria,2025-05-05,329.92,refunded,platinum
ORD-10105,Elena Okafor,elena.okafor105@example.com,India,2026-01-19,89.14,paid,platinum
ORD-10202,Hiro Nguyen,hiro.nguyen202@example.com,Brazil,2025-03-04,293.76,paid,silver
ORD-10951,Aisha Patel,aisha.patel951@example.com,India,2025-07-29,256.18,pending,platinum
ORD-10978,Hiro Patel,hiro.patel978@example.com,Canada,2026-02-04,109.76,refunded,platinum
ORD-10500,Hiro Okafor,hiro.okafor500@example.com,Nigeria,2025-12-29,473.82,refunded,bronze
ORD-10467,Jon Kim,jon.kim467@example.com,Nigeria,2025-05-18,185.11,paid,bronze
ORD-10426,Farid Okafor,farid.okafor426@example.com,Brazil,2025-02-25,359.75,pending,silver
ORD-10125,Chen Nguyen,chen.nguyen125@example.com,Vietnam,2026-02-01,136.36,paid,gold
ORD-10621,Hiro Silva,unknown@unknown.com,Nigeria,2025-08-26,199.08,refunded,platinum
ORD-10272,Hiro Patel,hiro.patel272@example.com,Vietnam,2025-03-06,244.69,paid,gold
ORD-10131,Grace Rossi,grace.rossi131@example.com,Vietnam,2025-04-08,477.03,refunded,bronze
