order_id,customer_name,email,age,country,order_date,amount_usd,status
10456,Elena Patel,elena.patel456@example.com,79,Australia,2025-11-02,2568.0,refunded
10715,Ivy Smith,ivy.smith715@example.com,65,Brazil,2025-08-09,8608.0,refunded
10253,Diego Silva,diego.silva253@example.com,34,Brazil,2026-07-18,8828.0,pending
10708,Farid Okafor,farid.okafor708@example.com,46,Nigeria,2025-06-01,6514.0,paid
10597,Chen Kim,chen.kim597@example.com,79,Brazil,2026-08-10,5110.0,pending
10344,Hiro Patel,hiro.patel344@example.com,25,Australia,2025-04-05,8815.0,refunded
10444,Farid Smith,farid.smith444@example.com,79,Unknown,2025-11-22,5325.5,refunded
10583,Diego Garcia,diego.garcia583@example.com,29,Brazil,2025-07-29,5325.5,paid
10950,Ivy Okafor,john@@example,58,Australia,2025-07-07,3964.0,paid
10742,Jon Smith,jon.smith742@example.com,41,India,2025-06-22,5325.5,pending
10399,Chen Smith,chen.smith399@example.com,58,India,2026-05-15,733.0,pending
10102,Farid Khan,farid.khan102@example.com,72,Vietnam,2026-02-12,5325.5,pending
10763,Jon Rossi,jon.rossi763@example.com,51,India,2026-08-03,7813.0,paid
10485,Ivy Nguyen,ivy.nguyen485@example.com,62,Vietnam,2026-01-20,5776.0,pending
10295,Hiro Rossi,hiro.rossi295@example.com,63,Brazil,2026-05-19,4592.0,paid
10170,Ivy Khan,ivy.khan170@example.com,25,Vietnam,2026-06-25,6531.0,paid
10912,Ivy Brown,ivy.brown912@example.com,77,India,2025-03-22,4032.0,paid
10934,Hiro Silva,hiro.silva934@example.com,53,Unknown,2025-03-11,7443.0,pending
10754,Diego Garcia,diego.garcia754@example.com,76,Canada,2025-11-16,5325.5,paid
10961,Chen Kim,chen.kim961@example.com,34,India,2026-04-12,6278.0,paid
10870,Hiro Kim,hiro.kim870@example.com,39,India,2025-09-09,1286.0,refunded
10306,Hiro Kim,hiro.kim306@example.com,39,Nigeria,2025-11-27,5325.5,refunded
10813,Jon Kim,jon.kim813@example.com,52,Australia,2025-04-19,6276.0,paid
10489,Grace Okafor,grace.okafor489@example.com,28,Brazil,2026-07-18,5325.5,pending
10038,Ben Patel,ben.patel38@example.com,71,Vietnam,2026-07-13,6809.0,pending
10182,Ben Rossi,ben.rossi182@example.com,78,Australia,2026-01-08,2223.0,paid
10917,Grace Rossi,grace.rossi917@example.com,46,Nigeria,2025-08-03,7378.0,paid
10614,Jon Smith,jon.smith614@example.com,74,Australia,2025-12-08,1613.0,pending
10851,Grace Nguyen,grace.nguyen851@example.com,31,India,2025-11-09,6555.0,pending
10750,Elena Rossi,elena.rossi750@example.com,54,Canada,2026-05-15,5325.5,paid
10804,Ben Nguyen,ben.nguyen804@example.com,42,Brazil,2025-02-08,6470.0,pending
10338,Ben Patel,unknown@unknown.com,46,Brazil,2025-04-19,6476.0,pending
10359,Aisha Patel,aisha.patel359@example.com,58,Nigeria,2025-11-22,7462.0,refunded
10080,Elena Silva,elena.silva80@example.com,43,Brazil,2025-04-27,8010.0,refunded
10029,Aisha Khan,aisha.khan29@example.com,21,Nigeria,2026-04-05,3892.0,paid
10663,Ben Okafor,ben.okafor663@example.com,23,Brazil,2026-02-07,9243.0,paid
10310,Ben Nguyen,ben.nguyen310@example.com,22,India,2025-08-07,960.0,refunded
10246,Grace Rossi,grace.rossi246@example.com,42,India,2026-07-25,5325.5,paid
10548,Grace Okafor,grace.okafor548@example.com,51,Australia,2025-03-01,5325.5,paid
10765,Chen Kim,chen.kim765@example.com,33,Australia,2025-08-30,5325.5,pending
10503,Aisha Silva,aisha.silva503@example.com,49,Nigeria,2026-01-16,9552.0,refunded
10534,Ben Brown,ben.brown534@example.com,42,Canada,2025-08-02,8351.0,refunded
10045,Grace Khan,grace.khan45@example.com,42,Nigeria,2026-06-08,2697.0,pending
10733,Ben Smith,ben.smith733@example.com,29,Canada,2025-07-30,4994.0,refunded
10963,Elena Brown,elena.brown963@example.com,55,Vietnam,2026-06-30,5909.0,refunded
10084,Jon Silva,jon.silva84@example.com,32,Unknown,2025-10-26,4023.0,paid
10210,Jon Khan,jon.khan210@example.com,55,Brazil,2025-08-22,7815.0,refunded
10471,Ben Brown,ben.brown471@example.com,55,Nigeria,2025-10-08,5325.5,pending
10674,Jon Rossi,jon.rossi674@example.com,74,Brazil,2025-06-11,858.0,paid
10931,Ben Okafor,ben.okafor931@example.com,50,Vietnam,2025-03-20,8660.0,paid
10056,Hiro Smith,hiro.smith56@example.com,35,Vietnam,2025-10-20,7350.0,paid
10260,Elena Smith,elena.smith260@example.com,43,Brazil,2025-02-02,3278.0,paid
10111,Jon Okafor,jon.okafor111@example.com,57,Vietnam,2025-08-13,5325.5,refunded
10569,Ivy Nguyen,ivy.nguyen569@example.com,21,Vietnam,2025-09-19,3128.0,refunded
10462,Jon Patel,jon.patel462@example.com,69,Vietnam,2026-03-08,739.0,paid
10101,Ben Brown,ben.brown101@example.com,64,India,2026-04-13,4204.0,pending
10553,Ivy Garcia,ivy.garcia553@example.com,41,Brazil,2026-01-20,510.0,paid
10833,Chen Smith,chen.smith833@example.com,63,Brazil,2025-09-30,8005.0,refunded
10882,Diego Rossi,diego.rossi882@example.com,30,India,2025-03-18,3611.0,refunded
10712,Farid Nguyen,farid.nguyen712@example.com,68,Vietnam,2025-07-19,4638.0,pending
10649,Grace Nguyen,grace.nguyen649@example.com,42,Canada,2025-10-23,5320.0,refunded
10634,Ivy Rossi,ivy.rossi634@example.com,27,Vietnam,2026-04-01,1074.0,refunded
10257,Ivy Rossi,ivy.rossi257@example.com,51,Canada,2025-01-13,1349.0,refunded
10923,Elena Garcia,elena.garcia923@example.com,60,Nigeria,2025-08-27,5325.5,refunded
10824,Farid Silva,farid.silva824@example.com,36,Canada,2025-06-15,6890.0,paid
10740,Elena Rossi,john@@example,75,Brazil,2025-07-13,1133.0,refunded
10945,Jon Silva,jon.silva945@example.com,50,Nigeria,2026-01-27,1550.0,paid
10341,Elena Kim,elena.kim341@example.com,78,Brazil,2025-06-28,5189.0,paid
10054,Hiro Patel,hiro.patel54@example.com,78,Brazil,2026-04-21,5325.5,refunded
10366,Diego Rossi,diego.rossi366@example.com,60,Vietnam,2026-07-22,5248.0,pending
10811,Ivy Nguyen,john@@example,29,India,2025-04-27,4623.0,refunded
10600,Ivy Smith,ivy.smith600@example.com,45,Nigeria,2026-05-11,5325.5,refunded
10548,Grace Okafor,grace.okafor548@example.com,51,Australia,2025-03-01,5325.5,paid
10140,Grace Silva,grace.silva140@example.com,35,India,2026-03-29,5325.5,pending
11000,Chen Nguyen,chen.nguyen1000@example.com,69,Vietnam,2026-07-23,6876.0,paid
10079,Ben Nguyen,ben.nguyen79@example.com,48,Brazil,2026-08-11,9626.0,paid
10723,Chen Okafor,chen.okafor723@example.com,35,Vietnam,2025-06-17,2911.0,pending
10362,Grace Patel,grace.patel362@example.com,74,Brazil,2026-02-28,5521.0,pending
10064,Aisha Nguyen,aisha.nguyen64@example.com,71,Australia,2025-11-09,6748.0,refunded
10353,Chen Khan,unknown@unknown.com,52,Vietnam,2025-07-12,2379.0,paid
10595,Jon Brown,jon.brown595@example.com,29,India,2025-08-01,2318.0,paid
10984,Farid Patel,farid.patel984@example.com,24,Brazil,2026-06-17,5325.5,pending
10564,Grace Okafor,grace.okafor564@example.com,25,Canada,2026-08-13,5325.5,paid
10586,Aisha Garcia,aisha.garcia586@example.com,43,Vietnam,2025-10-26,8741.0,pending
10533,Grace Nguyen,grace.nguyen533@example.com,42,Brazil,2025-05-05,5325.5,refunded
10847,Hiro Rossi,hiro.rossi847@example.com,50,India,2025-06-16,6905.0,refunded
10240,Diego Smith,diego.smith240@example.com,57,Australia,2025-02-02,3831.0,refunded
10218,Ivy Kim,ivy.kim218@example.com,57,Canada,2025-05-21,3013.0,refunded
10946,Elena Garcia,elena.garcia946@example.com,57,Australia,2026-03-15,5325.5,pending
10935,Chen Patel,chen.patel935@example.com,29,Vietnam,2025-01-19,5325.5,refunded
10326,Ben Silva,ben.silva326@example.com,21,Brazil,2026-04-12,8287.0,paid
10531,Grace Kim,grace.kim531@example.com,47,Canada,2026-05-26,4471.0,paid
10086,Ben Nguyen,ben.nguyen86@example.com,56,Unknown,2025-06-19,6656.0,refunded
10118,Elena Rossi,elena.rossi118@example.com,20,Australia,2025-04-30,6248.0,paid
10273,Farid Kim,farid.kim273@example.com,56,Nigeria,2025-09-10,5795.0,pending
10475,Ben Silva,ben.silva475@example.com,31,Nigeria,2026-05-06,1611.0,paid
10683,Diego Smith,diego.smith683@example.com,73,India,2025-08-31,4140.0,refunded
10349,Farid Khan,farid.khan349@example.com,42,Vietnam,2026-05-30,5325.5,paid
10720,Hiro Smith,hiro.smith720@example.com,29,Brazil,2025-10-22,6408.0,pending
10365,Hiro Nguyen,hiro.nguyen365@example.com,56,Brazil,2026-03-18,5512.0,paid
10886,Ben Patel,ben.patel886@example.com,21,Vietnam,2025-03-05,5540.0,paid
10830,Ben Brown,ben.brown830@example.com,28,Canada,2025-12-02,5325.5,paid
10014,Ivy Kim,ivy.kim14@example.com,36,Brazil,2025-12-15,661.0,refunded
10749,Hiro Silva,hiro.silva749@example.com,29,Nigeria,2025-06-02,5325.5,paid
10784,Chen Khan,chen.khan784@example.com,63,Nigeria,2025-05-01,5325.5,pending
10557,Ben Okafor,ben.okafor557@example.com,49,Canada,2026-05-10,5325.5,refunded
10396,Grace Okafor,grace.okafor396@example.com,55,Vietnam,2026-01-16,5325.5,refunded
10175,Ivy Okafor,ivy.okafor175@example.com,80,Canada,2025-06-29,5325.5,paid
10671,Farid Rossi,farid.rossi671@example.com,80,Canada,2025-11-29,5325.5,paid
10555,Farid Nguyen,farid.nguyen555@example.com,24,Australia,2025-10-10,8227.0,pending
10394,Farid Brown,farid.brown394@example.com,71,Canada,2025-11-04,5331.0,paid
10718,Jon Patel,jon.patel718@example.com,71,Unknown,2025-07-24,2591.0,pending
10382,Grace Silva,unknown@unknown.com,70,Australia,2026-06-13,5325.5,refunded
10783,Elena Patel,elena.patel783@example.com,57,Brazil,2025-02-20,4909.0,pending
10964,Farid Patel,farid.patel964@example.com,77,Canada,2025-10-03,818.0,paid
10166,Elena Silva,elena.silva166@example.com,71,Unknown,2026-10-06,5325.5,pending
10083,Diego Kim,diego.kim83@example.com,33,India,2025-03-25,632.0,pending
10612,Chen Garcia,chen.garcia612@example.com,64,Nigeria,2025-12-15,7593.0,paid
10094,Ben Nguyen,ben.nguyen94@example.com,37,Nigeria,2025-09-03,5114.0,paid
10102,Farid Khan,farid.khan102@example.com,72,Vietnam,2026-02-12,5325.5,pending
10866,Ivy Silva,ivy.silva866@example.com,70,Brazil,2025-12-02,527.0,pending
10378,Grace Kim,grace.kim378@example.com,54,Nigeria,2026-01-28,9024.0,pending
10237,Hiro Rossi,hiro.rossi237@example.com,61,Canada,2026-01-20,6372.0,refunded
10338,Ben Patel,unknown@unknown.com,46,Brazil,2025-04-19,6476.0,pending
10570,Aisha Smith,aisha.smith570@example.com,60,Canada,2026-02-02,1444.0,refunded
10913,Ivy Garcia,ivy.garcia913@example.com,61,Vietnam,2025-12-08,5325.5,refunded
10699,Ben Silva,ben.silva699@example.com,46,Nigeria,2026-06-29,9824.0,pending
10476,Chen Khan,chen.khan476@example.com,58,Nigeria,2025-06-14,3268.0,pending
10488,Farid Rossi,farid.rossi488@example.com,65,India,2025-05-22,5464.0,refunded
10737,Chen Okafor,chen.okafor737@example.com,31,Nigeria,2026-01-24,6086.0,pending
10418,Ben Patel,ben.patel418@example.com,24,Brazil,2025-03-02,9472.0,pending
10845,Grace Rossi,grace.rossi845@example.com,21,Brazil,2025-03-25,5325.5,paid
10753,Farid Rossi,farid.rossi753@example.com,40,Vietnam,2025-04-10,3294.0,paid
10795,Ivy Silva,ivy.silva795@example.com,27,Australia,2025-02-24,2275.0,pending
10953,Hiro Garcia,hiro.garcia953@example.com,23,Vietnam,2025-10-06,8804.0,pending
10430,Jon Smith,jon.smith430@example.com,60,Nigeria,2026-04-07,715.0,refunded
10381,Chen Kim,chen.kim381@example.com,35,Canada,2026-03-30,9803.0,paid
10040,Jon Patel,jon.patel40@example.com,80,India,2025-08-31,9378.0,pending
10058,Grace Rossi,grace.rossi58@example.com,72,Nigeria,2026-08-22,792.0,pending
10989,Farid Rossi,farid.rossi989@example.com,51,Canada,2026-02-05,5325.5,paid
10940,Ben Okafor,ben.okafor940@example.com,57,India,2025-11-27,6480.0,paid
10939,Aisha Okafor,aisha.okafor939@example.com,32,Australia,2025-07-16,2679.0,refunded
10318,Chen Rossi,unknown@unknown.com,41,Nigeria,2026-08-06,5325.5,paid
10880,Elena Smith,unknown@unknown.com,49,Vietnam,2026-06-15,2825.0,pending
10982,Elena Smith,elena.smith982@example.com,39,Canada,2025-04-25,5325.5,paid
10767,Aisha Kim,aisha.kim767@example.com,59,Australia,2025-10-12,3239.0,paid
10937,Diego Silva,diego.silva937@example.com,42,Canada,2025-02-18,3095.0,paid
10367,Jon Brown,jon.brown367@example.com,21,Vietnam,2026-05-18,4838.0,refunded
10215,Elena Garcia,elena.garcia215@example.com,48,Vietnam,2026-05-16,6533.0,refunded
10920,Jon Khan,jon.khan920@example.com,80,Brazil,2026-08-11,5325.5,pending
10458,Ivy Patel,ivy.patel458@example.com,32,Nigeria,2025-06-14,6174.0,refunded
10455,Grace Rossi,grace.rossi455@example.com,28,Nigeria,2025-01-02,5325.5,refunded
10141,Jon Silva,jon.silva141@example.com,20,India,2026-06-24,881.0,pending
10926,Hiro Patel,hiro.patel926@example.com,55,India,2026-08-12,5325.5,paid
10897,Farid Rossi,farid.rossi897@example.com,29,Australia,2025-07-30,4150.0,paid
10599,Elena Okafor,elena.okafor599@example.com,51,India,2026-06-24,5910.0,refunded
10022,Ivy Patel,ivy.patel22@example.com,33,Brazil,2026-08-08,5169.0,refunded
10541,Hiro Garcia,hiro.garcia541@example.com,52,Vietnam,2026-08-04,5325.5,refunded
10442,Ivy Kim,ivy.kim442@example.com,55,Vietnam,2025-05-14,5325.5,paid
10928,Ben Kim,ben.kim928@example.com,62,Canada,2026-04-13,5325.5,paid
10526,Grace Garcia,grace.garcia526@example.com,71,Brazil,2025-06-17,4421.0,refunded
10589,Jon Garcia,jon.garcia589@example.com,34,Vietnam,2026-04-11,5014.0,refunded
10335,Grace Okafor,grace.okafor335@example.com,55,Australia,2026-04-15,4204.0,refunded
10517,Aisha Patel,aisha.patel517@example.com,78,Canada,2025-08-29,8762.0,paid
10033,Elena Patel,elena.patel33@example.com,74,India,2025-12-24,8308.0,refunded
10448,Elena Nguyen,elena.nguyen448@example.com,50,Nigeria,2026-06-14,2671.0,refunded
10867,Elena Khan,elena.khan867@example.com,40,Canada,2025-09-14,2751.0,refunded
10050,Diego Brown,unknown@unknown.com,60,Australia,2026-04-30,5123.0,paid
10262,Jon Silva,jon.silva262@example.com,77,Australia,2025-10-05,9378.0,pending
10266,Aisha Kim,aisha.kim266@example.com,32,Vietnam,2026-04-07,9694.0,refunded
10902,Chen Brown,chen.brown902@example.com,150,India,2026-03-21,9988.0,pending
10472,Jon Smith,jon.smith472@example.com,42,India,2026-06-14,5325.5,pending
10234,Jon Nguyen,jon.nguyen234@example.com,61,Vietnam,2026-07-27,5325.5,paid
10189,Farid Brown,farid.brown189@example.com,47,Nigeria,2026-08-10,3755.0,pending
10766,Hiro Silva,hiro.silva766@example.com,45,Canada,2026-07-28,8388.0,paid
10322,Jon Smith,jon.smith322@example.com,64,India,2025-11-14,4768.0,pending
10858,Jon Okafor,jon.okafor858@example.com,49,Australia,2026-02-16,9435.0,paid
10729,Ivy Okafor,ivy.okafor729@example.com,19,Canada,2025-06-26,6871.0,refunded
10717,Farid Smith,farid.smith717@example.com,18,Brazil,2026-01-20,9157.0,pending
10070,Jon Kim,jon.kim70@example.com,71,Australia,2025-11-27,5325.5,pending
10023,Grace Okafor,grace.okafor23@example.com,47,Canada,2026-03-10,3500.0,refunded
10571,Grace Garcia,grace.garcia571@example.com,75,Vietnam,2026-01-25,9728.0,refunded
10267,Grace Smith,grace.smith267@example.com,63,Australia,2025-10-30,8134.0,refunded
10677,Ben Kim,ben.kim677@example.com,18,Nigeria,2025-12-23,6317.0,refunded
10857,Ben Brown,ben.brown857@example.com,35,India,2025-07-04,4690.0,refunded
10588,Chen Khan,chen.khan588@example.com,43,Brazil,2026-07-14,1733.0,pending
10995,Grace Smith,grace.smith995@example.com,35,Canada,2026-04-20,1074.0,paid
10424,Hiro Smith,hiro.smith424@example.com,38,Australia,2026-05-26,5581.0,pending
10292,Chen Brown,chen.brown292@example.com,56,India,2026-02-02,5325.5,refunded
10385,Farid Silva,farid.silva385@example.com,79,Brazil,2026-04-02,8594.0,pending
10287,Grace Patel,grace.patel287@example.com,43,Australia,2025-07-10,5325.5,pending
10256,Diego Brown,diego.brown256@example.com,21,Nigeria,2026-04-12,1279.0,refunded
10800,Ben Rossi,ben.rossi800@example.com,71,Vietnam,2026-01-18,4513.0,refunded
10973,Farid Smith,farid.smith973@example.com,73,Canada,2025-04-01,1771.0,paid
10741,Hiro Smith,hiro.smith741@example.com,51,Canada,2026-02-10,7597.0,pending
10574,Elena Nguyen,elena.nguyen574@example.com,74,Australia,2025-09-21,8010.0,pending
10921,Diego Silva,diego.silva921@example.com,54,Brazil,2025-04-22,8985.0,refunded
10330,Aisha Rossi,unknown@unknown.com,73,Vietnam,2025-03-12,4776.0,pending
10383,Grace Patel,grace.patel383@example.com,29,India,2026-06-21,5325.5,pending
10678,Ben Khan,ben.khan678@example.com,47,Canada,2026-01-06,3127.0,paid
10722,Farid Brown,farid.brown722@example.com,72,Vietnam,2026-08-13,7734.0,pending
10281,Farid Patel,farid.patel281@example.com,79,Vietnam,2025-02-15,1022.0,pending
10786,Diego Khan,diego.khan786@example.com,64,Canada,2025-08-09,9428.0,paid
10662,Hiro Smith,hiro.smith662@example.com,39,Canada,2026-08-04,3232.0,refunded
10428,Ben Nguyen,ben.nguyen428@example.com,26,Canada,2025-06-18,5325.5,paid
10234,Jon Nguyen,jon.nguyen234@example.com,61,Vietnam,2026-07-27,5325.5,paid
10577,Ivy Patel,ivy.patel577@example.com,59,Nigeria,2026-03-17,3857.0,refunded
10323,Ben Silva,ben.silva323@example.com,60,Canada,2025-02-26,1127.0,paid
10850,Farid Kim,farid.kim850@example.com,36,Brazil,2026-01-19,7536.0,refunded
10311,Farid Smith,farid.smith311@example.com,48,Australia,2026-03-09,4922.0,paid
10877,Grace Smith,grace.smith877@example.com,28,Nigeria,2025-12-10,3735.0,paid
10799,Chen Rossi,chen.rossi799@example.com,67,Brazil,2025-03-20,1785.0,refunded
10808,Ivy Smith,ivy.smith808@example.com,45,Australia,2025-10-25,7856.0,paid
10938,Aisha Rossi,aisha.rossi938@example.com,41,India,2025-07-26,1294.0,paid
10873,Hiro Smith,hiro.smith873@example.com,70,Nigeria,2025-12-28,9271.0,refunded
10161,Ivy Nguyen,unknown@unknown.com,56,Brazil,2025-11-12,9452.0,refunded
10332,Diego Brown,diego.brown332@example.com,18,Brazil,2025-09-09,5325.5,refunded
10625,Chen Silva,unknown@unknown.com,39,Unknown,2026-01-29,5325.5,pending
10702,Ivy Patel,ivy.patel702@example.com,44,Brazil,2026-05-01,9859.0,paid
10704,Ivy Brown,ivy.brown704@example.com,37,Nigeria,2026-04-01,9001.0,pending
10312,Ben Okafor,ben.okafor312@example.com,26,Brazil,2026-12-01,3886.0,refunded
10443,Aisha Patel,aisha.patel443@example.com,67,Canada,2025-11-27,5325.5,refunded
10168,Diego Nguyen,diego.nguyen168@example.com,71,Canada,2025-11-23,5325.5,pending
10641,Hiro Khan,hiro.khan641@example.com,40,Vietnam,2025-06-12,5325.5,refunded
10317,Hiro Rossi,hiro.rossi317@example.com,49,Canada,2025-04-26,5325.5,pending
10350,Aisha Kim,aisha.kim350@example.com,51,Vietnam,2025-01-03,5457.0,refunded
10889,Aisha Silva,aisha.silva889@example.com,55,India,2026-06-14,1108.0,refunded
10661,Hiro Silva,hiro.silva661@example.com,72,Canada,2026-03-23,664.0,refunded
10291,Chen Kim,chen.kim291@example.com,38,Australia,2025-03-28,6289.0,pending
10527,Diego Brown,diego.brown527@example.com,59,Canada,2025-10-06,9806.0,paid
10495,Diego Khan,diego.khan495@example.com,77,Brazil,2025-07-19,9164.0,refunded
10647,Diego Khan,diego.khan647@example.com,59,Vietnam,2025-12-20,8796.0,pending
10773,Elena Patel,elena.patel773@example.com,63,Vietnam,2026-01-07,5325.5,refunded
10604,Elena Kim,elena.kim604@example.com,37,Nigeria,2025-03-11,6135.0,pending
10659,Aisha Smith,aisha.smith659@example.com,67,Brazil,2025-03-14,7868.0,refunded
10908,Grace Rossi,grace.rossi908@example.com,77,Vietnam,2026-08-09,7149.0,paid
10738,Ben Silva,ben.silva738@example.com,49,Vietnam,2025-04-23,4571.0,pending
10441,Elena Silva,elena.silva441@example.com,29,India,2025-07-01,2511.0,pending
10403,Elena Patel,elena.patel403@example.com,50,Nigeria,2025-04-16,3732.0,paid
10105,Elena Okafor,elena.okafor105@example.com,27,India,2026-01-19,8914.0,paid
